,name,id,mass_grams,fall,date_time,latitude_deg,longitude_deg,date,time,zip_code
0,Aachen,1,21.0,Fell,01/01/1880 12:00:00 AM,50.775,6.08333,01/01/1880,12:00:00 AM,52062
1,Aarhus,2,720.0,Fell,01/01/1951 12:00:00 AM,56.183330000000005,10.23333,01/01/1951,12:00:00 AM,8240
2,Abee,6,107000.0,Fell,01/01/1952 12:00:00 AM,54.21666999999999,-113.0,01/01/1952,12:00:00 AM,T0A 0A0
7,Agen,392,30000.0,Fell,01/01/1814 12:00:00 AM,44.21667,0.6166699999999999,01/01/1814,12:00:00 AM,47000
14,Akbarpur,427,1800.0,Fell,01/01/1838 12:00:00 AM,29.71667,77.95,01/01/1838,12:00:00 AM,251327
16,Akyumak,433,50000.0,Fell,01/01/1981 12:00:00 AM,39.91667,42.81667,01/01/1981,12:00:00 AM,04600
17,Al Rais,446,160.0,Fell,01/01/1957 12:00:00 AM,24.41667,39.51667,01/01/1957,12:00:00 AM,42376
19,Alais,448,6000.0,Fell,01/01/1806 12:00:00 AM,44.11667,4.08333,01/01/1806,12:00:00 AM,30100
20,Albareto,453,2000.0,Fell,01/01/1766 12:00:00 AM,44.65,11.01667,01/01/1766,12:00:00 AM,41013
22,Alby sur Chéran,458,252.0,Fell,01/01/2002 12:00:00 AM,45.821329999999996,6.0153300000000005,01/01/2002,12:00:00 AM,74540
23,Aldsworth,461,700.0,Fell,01/01/1835 12:00:00 AM,51.78333,-1.7833299999999999,01/01/1835,12:00:00 AM,GL54 3RD
25,Alessandria,463,908.0,Fell,01/01/1860 12:00:00 AM,44.88333,8.75,01/01/1860,12:00:00 AM,15122
27,Alfianello,466,228000.0,Fell,01/01/1883 12:00:00 AM,45.26667,10.15,01/01/1883,12:00:00 AM,25020
28,Allegan,2276,32000.0,Fell,01/01/1899 12:00:00 AM,42.53333,-85.88333,01/01/1899,12:00:00 AM,49010
32,Ambapur Nagla,2290,6400.0,Fell,01/01/1895 12:00:00 AM,27.66667,78.25,01/01/1895,12:00:00 AM,204215
33,Andhara,2294,2700.0,Fell,01/01/1880 12:00:00 AM,26.58333,85.56667,01/01/1880,12:00:00 AM,843314
34,Andover,2295,3200.0,Fell,01/01/1898 12:00:00 AM,44.61667,-70.75,01/01/1898,12:00:00 AM,04216
35,Andreevka,2296,600.0,Fell,01/01/1969 12:00:00 AM,48.7,37.5,01/01/1969,12:00:00 AM,84300
36,Andura,2298,17900.0,Fell,01/01/1939 12:00:00 AM,20.883329999999997,76.86667,01/01/1939,12:00:00 AM,444311
39,Angra dos Reis (stone),2302,1500.0,Fell,01/01/1869 12:00:00 AM,-22.96667,-44.31667,01/01/1869,12:00:00 AM,23934
42,Aomori,2313,320.0,Fell,01/01/1984 12:00:00 AM,40.810559999999995,140.78556,01/01/1984,12:00:00 AM,030-0947
43,Appley Bridge,2318,15000.0,Fell,01/01/1914 12:00:00 AM,53.583330000000004,-2.71667,01/01/1914,12:00:00 AM,WN6 9DJ
44,Apt,2320,3200.0,Fell,01/01/1803 12:00:00 AM,43.86667,5.38333,01/01/1803,12:00:00 AM,84400
46,Archie,2329,5070.0,Fell,01/01/1932 12:00:00 AM,38.5,-94.3,01/01/1932,12:00:00 AM,64725
48,Asco,2345,41.0,Fell,01/01/1805 12:00:00 AM,42.45,9.03333,01/01/1805,12:00:00 AM,20276
49,Ash Creek,48954,9500.0,Fell,01/01/2009 12:00:00 AM,31.805,-97.01,01/01/2009,12:00:00 AM,76691
50,Ashdon,2346,1300.0,Fell,01/01/1923 12:00:00 AM,52.05,0.3,01/01/1923,12:00:00 AM,CB10 2HL
51,Assisi,2353,2000.0,Fell,01/01/1886 12:00:00 AM,43.03333,12.55,01/01/1886,12:00:00 AM,06081
52,Atarra,4883,1280.0,Fell,01/01/1920 12:00:00 AM,25.254170000000002,80.625,01/01/1920,12:00:00 AM,210202
54,Athens,4885,265.0,Fell,01/01/1933 12:00:00 AM,34.75,-87.0,01/01/1933,12:00:00 AM,35611
55,Atoka,4888,1384.2,Fell,01/01/1945 12:00:00 AM,34.31667,-96.15,01/01/1945,12:00:00 AM,74525
56,Aubres,4893,800.0,Fell,01/01/1836 12:00:00 AM,44.38333,5.16667,01/01/1836,12:00:00 AM,26110
58,Aumieres,4900,2000.0,Fell,01/01/1842 12:00:00 AM,44.33333,3.23333,01/01/1842,12:00:00 AM,48500
59,Ausson,4903,50000.0,Fell,01/01/1858 12:00:00 AM,43.08333,0.58333,01/01/1858,12:00:00 AM,31210
60,Avanhandava,4905,9330.0,Fell,01/01/1952 12:00:00 AM,-21.460279999999997,-49.950829999999996,01/01/1952,12:00:00 AM,16360-000
61,Avce,4906,1230.0,Fell,01/01/1908 12:00:00 AM,46.0,13.5,01/01/1908,12:00:00 AM,5212
64,Aztec,4913,2830.0,Fell,01/01/1938 12:00:00 AM,36.8,-108.0,01/01/1938,12:00:00 AM,87410
65,Bachmut,4917,18000.0,Fell,01/01/1814 12:00:00 AM,48.6,38.0,01/01/1814,12:00:00 AM,84501
66,Bahjoi,4922,10322.0,Fell,01/01/1934 12:00:00 AM,28.48333,78.5,01/01/1934,12:00:00 AM,244302
67,Bald Mountain,4925,3700.0,Fell,01/01/1929 12:00:00 AM,35.96667,-82.48333000000001,01/01/1929,12:00:00 AM,28754
68,Baldwyn,4926,345.0,Fell,01/01/1922 12:00:00 AM,34.5,-88.66667,01/01/1922,12:00:00 AM,38824
70,Ban Rong Du,4934,16700.0,Fell,01/01/1993 12:00:00 AM,16.66667,101.18333,01/01/1993,12:00:00 AM,67110
71,Bandong,4935,11500.0,Fell,01/01/1871 12:00:00 AM,-6.91667,107.6,01/01/1871,12:00:00 AM,40181
72,Bansur,4936,15000.0,Fell,01/01/1892 12:00:00 AM,27.7,76.33333,01/01/1892,12:00:00 AM,301402
73,Banswal,4937,14.0,Fell,01/01/1913 12:00:00 AM,30.4,78.2,01/01/1913,12:00:00 AM,248009
74,Banten,4938,629.0,Fell,01/01/1933 12:00:00 AM,-6.33333,106.0,01/01/1933,12:00:00 AM,42261
75,Barbotan,4942,6400.0,Fell,01/01/1790 12:00:00 AM,43.95,-0.05,01/01/1790,12:00:00 AM,32150
77,Barea,4946,3200.0,Fell,01/01/1842 12:00:00 AM,42.38333,-2.5,01/01/1842,12:00:00 AM,26375
78,Barnaul,4947,23.2,Fell,01/01/1904 12:00:00 AM,52.73333,84.08333,01/01/1904,12:00:00 AM,659083
79,Barntrup,4948,17.0,Fell,01/01/1886 12:00:00 AM,52.0,9.1,01/01/1886,12:00:00 AM,32683
80,Baroti,4949,4500.0,Fell,01/01/1910 12:00:00 AM,31.616670000000003,76.8,01/01/1910,12:00:00 AM,175023
81,Barwell,4954,44000.0,Fell,01/01/1965 12:00:00 AM,52.56528,-1.33972,01/01/1965,12:00:00 AM,LE9
83,Baszkówka,4957,15500.0,Fell,01/01/1994 12:00:00 AM,52.03333,20.93583,01/01/1994,12:00:00 AM,05-503
84,Bath,4974,21000.0,Fell,01/01/1892 12:00:00 AM,45.41667,-98.31667,01/01/1892,12:00:00 AM,57427
85,Bath Furnace,4975,86000.0,Fell,01/01/1902 12:00:00 AM,38.25,-83.75,01/01/1902,12:00:00 AM,40360
86,Battle Mountain,56133,2900.0,Fell,01/01/2012 12:00:00 AM,40.66813,-117.18913,01/01/2012,12:00:00 AM,89820
88,Baxter,4977,611.0,Fell,01/01/1916 12:00:00 AM,36.75,-93.5,01/01/1916,12:00:00 AM,65656
89,Beardsley,4984,16000.0,Fell,01/01/1929 12:00:00 AM,39.8,-101.2,01/01/1929,12:00:00 AM,67730
90,Beaver Creek,4986,14000.0,Fell,01/01/1893 12:00:00 AM,51.16667,-117.33333,01/01/1893,12:00:00 AM,V0A
91,Beddgelert,4993,794.0,Fell,01/01/1949 12:00:00 AM,53.01667,-4.1,01/01/1949,12:00:00 AM,LL55 4NF
92,Bells,5005,375.0,Fell,01/01/1961 12:00:00 AM,33.6,-96.46667,01/01/1961,12:00:00 AM,75414
94,Benares (a),5011,3700.0,Fell,01/01/1798 12:00:00 AM,25.366670000000003,82.91667,01/01/1798,12:00:00 AM,221105
97,Benld,5021,1770.5,Fell,01/01/1938 12:00:00 AM,39.08333,-89.15,01/01/1938,12:00:00 AM,62080
98,Benoni,5023,3880.0,Fell,01/01/1943 12:00:00 AM,-26.16667,28.41667,01/01/1943,12:00:00 AM,1507
100,Benton,5026,2840.0,Fell,01/01/1949 12:00:00 AM,45.95,-67.55,01/01/1949,12:00:00 AM,E7N 2V9
103,Berlanguillas,5029,1440.0,Fell,01/01/1811 12:00:00 AM,41.68333,-3.8,01/01/1811,12:00:00 AM,09443
104,Berthoud,47355,960.0,Fell,01/01/2004 12:00:00 AM,40.30583,-105.02325,01/01/2004,12:00:00 AM,80513
105,Bethlehem,5032,13.9,Fell,01/01/1859 12:00:00 AM,42.53333,-73.83333,01/01/1859,12:00:00 AM,12158
106,Beuste,5034,2000.0,Fell,01/01/1859 12:00:00 AM,43.21667,-0.23333,01/01/1859,12:00:00 AM,64800
108,Bhagur,5037,18.0,Fell,01/01/1877 12:00:00 AM,20.883329999999997,74.83333,01/01/1877,12:00:00 AM,424301
109,Bhawad,36591,678.0,Fell,01/01/2002 12:00:00 AM,26.508329999999997,73.11528,01/01/2002,12:00:00 AM,342305
110,Bherai,5039,100.0,Fell,01/01/1893 12:00:00 AM,20.83333,71.46667,01/01/1893,12:00:00 AM,365540
112,Bholghati,5041,2500.0,Fell,01/01/1905 12:00:00 AM,22.08333,86.9,01/01/1905,12:00:00 AM,757021
113,Bialystok,5042,4000.0,Fell,01/01/1827 12:00:00 AM,53.1,23.2,01/01/1827,12:00:00 AM,15-001
114,Bielokrynitschie,5043,1900.0,Fell,01/01/1887 12:00:00 AM,50.13333,27.16667,01/01/1887,12:00:00 AM,30432
116,Binningup,5051,488.1,Fell,01/01/1984 12:00:00 AM,-33.15639,115.67638999999998,01/01/1984,12:00:00 AM,6233
118,Bishopville,5059,6000.0,Fell,01/01/1843 12:00:00 AM,34.16667,-80.28333,01/01/1843,12:00:00 AM,29010
119,Bishunpur,5060,1039.0,Fell,01/01/1895 12:00:00 AM,25.383329999999997,82.6,01/01/1895,12:00:00 AM,221402
120,Bjelaja Zerkov,5063,1850.0,Fell,01/01/1796 12:00:00 AM,49.78333,30.16667,01/01/1796,12:00:00 AM,09100
121,Bjurböle,5064,330000.0,Fell,01/01/1899 12:00:00 AM,60.4,25.8,01/01/1899,12:00:00 AM,07310
122,Black Moshannan Park,5065,705.0,Fell,01/01/1941 12:00:00 AM,40.91667,-78.08333,01/01/1941,12:00:00 AM,16866
123,Blackwell,5068,2381.0,Fell,01/01/1906 12:00:00 AM,36.83333,-97.33333,01/01/1906,12:00:00 AM,74631
124,Blanket,5071,5100.0,Fell,01/01/1909 12:00:00 AM,31.83333,-98.83333,01/01/1909,12:00:00 AM,76432
125,Blansko,5072,470.0,Fell,01/01/1833 12:00:00 AM,49.36667,16.633329999999997,01/01/1833,12:00:00 AM,678 01
126,Bloomington,5076,67.8,Fell,01/01/1938 12:00:00 AM,40.48,-89.00417,01/01/1938,12:00:00 AM,61701
130,Boguslavka,5098,256000.0,Fell,01/01/1916 12:00:00 AM,44.55,131.63333,01/01/1916,12:00:00 AM,692588
131,Borgo San Donino,5110,1676.0,Fell,01/01/1808 12:00:00 AM,44.86667,10.05,01/01/1808,12:00:00 AM,43036
132,Bori,5111,8600.0,Fell,01/01/1894 12:00:00 AM,21.95,78.03333,01/01/1894,12:00:00 AM,460553
133,Boriskino,5112,1342.0,Fell,01/01/1930 12:00:00 AM,54.23333,52.48333,01/01/1930,12:00:00 AM,461675
134,Borkut,5113,7000.0,Fell,01/01/1852 12:00:00 AM,48.15,24.28333,01/01/1852,12:00:00 AM,90641
135,Borodino,5114,500.0,Fell,01/01/1812 12:00:00 AM,55.46666999999999,35.86667,01/01/1812,12:00:00 AM,143273
136,Botschetschki,5117,614.0,Fell,01/01/1823 12:00:00 AM,51.33333,33.88333,01/01/1823,12:00:00 AM,41500
139,Bovedy,5121,5460.0,Fell,01/01/1969 12:00:00 AM,54.566669999999995,-6.33333,01/01/1969,12:00:00 AM,BT67 0DP
140,Bradford Woods,5128,762.0,Fell,01/01/1886 12:00:00 AM,40.5,-80.08333,01/01/1886,12:00:00 AM,15225
141,Braunau,5133,39000.0,Fell,01/01/1847 12:00:00 AM,50.6,16.3,01/01/1847,12:00:00 AM,550 01
142,Breitscheid,5134,1500.0,Fell,01/01/1956 12:00:00 AM,50.666940000000004,8.18361,01/01/1956,12:00:00 AM,35767
143,Bremervörde,5135,7250.0,Fell,01/01/1855 12:00:00 AM,53.4,9.1,01/01/1855,12:00:00 AM,27446
144,Brient,5140,219.0,Fell,01/01/1933 12:00:00 AM,52.13333,59.316669999999995,01/01/1933,12:00:00 AM,462870
145,Bruderheim,5156,303000.0,Fell,01/01/1960 12:00:00 AM,53.9,-112.88333,01/01/1960,12:00:00 AM,T0B 0S0
148,Bunburra Rockhole,48653,324.0,Fell,01/01/2007 12:00:00 AM,-31.35,129.19,01/01/2007,12:00:00 AM,5690
151,Burnwell,5175,1504.0,Fell,01/01/1990 12:00:00 AM,37.62194,-82.23722,01/01/1990,12:00:00 AM,41531
152,Bursa,5177,25000.0,Fell,01/01/1946 12:00:00 AM,40.2,29.23333,01/01/1946,12:00:00 AM,16450
153,Buschhof,5178,5000.0,Fell,01/01/1863 12:00:00 AM,46.45,25.78333,01/01/1863,12:00:00 AM,537299
154,Bustee,5181,1500.0,Fell,01/01/1852 12:00:00 AM,26.78333,82.83333,01/01/1852,12:00:00 AM,272002
155,Butsura,5183,29000.0,Fell,01/01/1861 12:00:00 AM,27.08333,84.08333,01/01/1861,12:00:00 AM,845101
156,Buzzard Coulee,48654,41000.0,Fell,01/01/2008 12:00:00 AM,52.996,-109.84817,01/01/2008,12:00:00 AM,S0M 1K0
157,Cabezo de Mayo,5185,25000.0,Fell,01/01/1870 12:00:00 AM,37.98333,-1.16667,01/01/1870,12:00:00 AM,30165
158,Cabin Creek,5186,48500.0,Fell,01/01/1886 12:00:00 AM,35.5,-93.5,01/01/1886,12:00:00 AM,72830
160,Cali,45976,478.0,Fell,01/01/2007 12:00:00 AM,3.405,-76.51,01/01/2007,12:00:00 AM,760024
163,Çanakkale,5250,4000.0,Fell,01/01/1964 12:00:00 AM,39.8,26.6,01/01/1964,12:00:00 AM,17720
164,Cañellas,5251,945.0,Fell,01/01/1861 12:00:00 AM,41.25,1.66667,01/01/1861,12:00:00 AM,08729
165,Cangas de Onis,5252,34000.0,Fell,01/01/1866 12:00:00 AM,43.38333,-5.15,01/01/1866,12:00:00 AM,33547
166,Canon City,5253,1400.0,Fell,01/01/1973 12:00:00 AM,38.470279999999995,-105.24139,01/01/1973,12:00:00 AM,81212
167,Cape Girardeau,5260,2300.0,Fell,01/01/1846 12:00:00 AM,37.26667,-89.58333,01/01/1846,12:00:00 AM,63701
170,Caratash,5265,8.0,Fell,01/01/1902 12:00:00 AM,38.5,27.0,01/01/1902,12:00:00 AM,35620
171,Castalia,5291,7300.0,Fell,01/01/1874 12:00:00 AM,36.08333,-78.06667,01/01/1874,12:00:00 AM,27816
173,Castine,5293,94.0,Fell,01/01/1848 12:00:00 AM,44.38333,-68.75,01/01/1848,12:00:00 AM,04617
174,Castrovillari,5295,15000.0,Fell,01/01/1583 12:00:00 AM,39.8,16.2,01/01/1583,12:00:00 AM,87010
175,Caswell County,5296,1360.0,Fell,01/01/1810 12:00:00 AM,36.5,-79.25,01/01/1810,12:00:00 AM,27305
177,Centerville,5307,45.6,Fell,01/01/1956 12:00:00 AM,43.2,-96.91667,01/01/1956,12:00:00 AM,57014
178,Cereseto,5308,6460.0,Fell,01/01/1840 12:00:00 AM,45.08333,8.3,01/01/1840,12:00:00 AM,15020
180,Chail,5314,0.5,Fell,01/01/1814 12:00:00 AM,25.366670000000003,81.66667,01/01/1814,12:00:00 AM,212218
183,Chandakapur,5320,8800.0,Fell,01/01/1838 12:00:00 AM,20.26667,76.01666999999999,01/01/1838,12:00:00 AM,431206
184,Chandpur,5321,1100.0,Fell,01/01/1885 12:00:00 AM,27.28333,79.05,01/01/1885,12:00:00 AM,205001
186,Chantonnay,5325,31500.0,Fell,01/01/1812 12:00:00 AM,46.68333,1.05,01/01/1812,12:00:00 AM,36300
187,Charlotte,5328,4300.0,Fell,01/01/1835 12:00:00 AM,36.16667,-87.33333,01/01/1835,12:00:00 AM,37055
188,Charsonville,5329,27000.0,Fell,01/01/1810 12:00:00 AM,47.93333,1.56667,01/01/1810,12:00:00 AM,45130
189,Charwallas,5330,12000.0,Fell,01/01/1834 12:00:00 AM,29.48333,75.5,01/01/1834,12:00:00 AM,125050
190,Chassigny,5331,4000.0,Fell,01/01/1815 12:00:00 AM,47.71667,5.36667,01/01/1815,12:00:00 AM,52190
191,Château-Renard,5332,30000.0,Fell,01/01/1841 12:00:00 AM,47.93333,2.91667,01/01/1841,12:00:00 AM,45220
192,Chaves,5334,2945.0,Fell,01/01/1925 12:00:00 AM,41.93333,-7.46667,01/01/1925,12:00:00 AM,32615
194,Chelyabinsk,57165,100000.0,Fell,01/01/2013 12:00:00 AM,54.816669999999995,61.11666999999999,01/01/2013,12:00:00 AM,456540
197,Cherokee Springs,5340,8400.0,Fell,01/01/1933 12:00:00 AM,35.03333,-81.88333,01/01/1933,12:00:00 AM,29307
198,Chervettaz,5341,705.0,Fell,01/01/1901 12:00:00 AM,46.55,6.816669999999999,01/01/1901,12:00:00 AM,1607
199,Chervony Kut,5342,1700.0,Fell,01/01/1939 12:00:00 AM,50.83333,34.0,01/01/1939,12:00:00 AM,42127
200,Chetrinahatti,5344,72.0,Fell,01/01/1880 12:00:00 AM,14.5,76.5,01/01/1880,12:00:00 AM,577536
202,Chicora,5349,303.0,Fell,01/01/1938 12:00:00 AM,40.93333,-79.73333000000001,01/01/1938,12:00:00 AM,16025
205,Chitenay,5357,4000.0,Fell,01/01/1978 12:00:00 AM,47.47083,0.97667,01/01/1978,12:00:00 AM,37530
206,Cilimus,5364,1600.0,Fell,01/01/1979 12:00:00 AM,-6.95,108.1,01/01/1979,12:00:00 AM,45373
207,Claxton,5374,1455.0,Fell,01/01/1984 12:00:00 AM,32.1025,-81.87278,01/01/1984,12:00:00 AM,30417
209,Colby (Wisconsin),5395,104000.0,Fell,01/01/1917 12:00:00 AM,44.9,-90.28333,01/01/1917,12:00:00 AM,54421
211,Coleman,5401,469.0,Fell,01/01/1994 12:00:00 AM,43.761109999999995,-84.50778000000001,01/01/1994,12:00:00 AM,48618
212,Collescipoli,5403,5000.0,Fell,01/01/1890 12:00:00 AM,42.53333,12.61667,01/01/1890,12:00:00 AM,05100
213,Conquista,5418,20350.0,Fell,01/01/1965 12:00:00 AM,-19.85,-47.55,01/01/1965,12:00:00 AM,38195-000
215,Cranganore,5465,1460.0,Fell,01/01/1917 12:00:00 AM,10.2,76.26666999999999,01/01/1917,12:00:00 AM,680733
216,Crescent,5470,78.4,Fell,01/01/1936 12:00:00 AM,35.95,-97.58333,01/01/1936,12:00:00 AM,73028
218,Cross Roads,5476,167.0,Fell,01/01/1892 12:00:00 AM,35.63333,-78.13333,01/01/1892,12:00:00 AM,27542
219,Crumlin,5477,4255.0,Fell,01/01/1902 12:00:00 AM,54.61666999999999,-6.21667,01/01/1902,12:00:00 AM,BT29 4YD
220,Cumberland Falls,5496,17000.0,Fell,01/01/1919 12:00:00 AM,36.83333,-84.35,01/01/1919,12:00:00 AM,42634
221,Cynthiana,5500,6000.0,Fell,01/01/1877 12:00:00 AM,38.4,-84.25,01/01/1877,12:00:00 AM,41031
223,Dandapur,5511,5650.0,Fell,01/01/1878 12:00:00 AM,26.91667,83.96667,01/01/1878,12:00:00 AM,274304
225,Danville,5514,2000.0,Fell,01/01/1868 12:00:00 AM,34.4,-87.06667,01/01/1868,12:00:00 AM,35619
226,Darmstadt,6603,100.0,Fell,01/01/1804 12:00:00 AM,49.86667,8.65,01/01/1804,12:00:00 AM,64283
229,De Cewsville,6621,340.0,Fell,01/01/1887 12:00:00 AM,43.0,-80.0,01/01/1887,12:00:00 AM,N3W 1M6
230,Deal,6634,28.0,Fell,01/01/1829 12:00:00 AM,40.25,-74.0,01/01/1829,12:00:00 AM,07723
231,Delhi,6642,0.8,Fell,01/01/1897 12:00:00 AM,28.566670000000002,77.25,01/01/1897,12:00:00 AM,110024
232,Demina,6649,16400.0,Fell,01/01/1911 12:00:00 AM,51.46667,84.76666999999999,01/01/1911,12:00:00 AM,649453
233,Denver,6660,230.0,Fell,01/01/1967 12:00:00 AM,39.7825,-104.93056000000001,01/01/1967,12:00:00 AM,80216
235,Desuri,6693,25400.0,Fell,01/01/1962 12:00:00 AM,25.73333,73.61667,01/01/1962,12:00:00 AM,306001
236,Devgaon,6694,12000.0,Fell,01/01/2001 12:00:00 AM,19.0,81.0,01/01/2001,12:00:00 AM,494450
237,Devri-Khera,6696,1140.0,Fell,01/01/1994 12:00:00 AM,24.225,76.525,01/01/1994,12:00:00 AM,326039
238,Dhajala,6698,45000.0,Fell,01/01/1976 12:00:00 AM,22.377779999999998,71.42721999999999,01/01/1976,12:00:00 AM,363440
239,Dharwar,6699,1800.0,Fell,01/01/1848 12:00:00 AM,14.883329999999999,75.6,01/01/1848,12:00:00 AM,581213
240,Dhurmsala,7640,32000.0,Fell,01/01/1860 12:00:00 AM,32.23333,76.46667,01/01/1860,12:00:00 AM,176059
241,Didim,47350,3396.0,Fell,01/01/2007 12:00:00 AM,37.35172,27.32997,01/01/2007,12:00:00 AM,09270
244,Djati-Pengilon,7652,166000.0,Fell,01/01/1884 12:00:00 AM,-7.5,111.5,01/01/1884,12:00:00 AM,63283
248,Dolgovoli,7659,1600.0,Fell,01/01/1864 12:00:00 AM,50.75,25.3,01/01/1864,12:00:00 AM,43000
249,Domanitch,7661,438.0,Fell,01/01/1907 12:00:00 AM,40.0,29.0,01/01/1907,12:00:00 AM,16980
251,Donga Kohrod,7707,230.0,Fell,01/01/1899 12:00:00 AM,21.866670000000003,82.45,01/01/1899,12:00:00 AM,495554
253,Doroninsk,7718,3891.0,Fell,01/01/1805 12:00:00 AM,51.2,112.3,01/01/1805,12:00:00 AM,674062
257,Drake Creek,7728,5000.0,Fell,01/01/1827 12:00:00 AM,36.4,-86.5,01/01/1827,12:00:00 AM,37066
258,Dresden (Ontario),7731,47700.0,Fell,01/01/1939 12:00:00 AM,42.52,-82.26,01/01/1939,12:00:00 AM,N0P 1M0
259,Dubrovnik,7736,1900.0,Fell,01/01/1951 12:00:00 AM,42.45833,18.441670000000002,01/01/1951,12:00:00 AM,20219
260,Dunbogan,7743,30.0,Fell,01/01/1999 12:00:00 AM,-31.66667,152.83333000000002,01/01/1999,12:00:00 AM,2443
263,Durala,7750,13200.0,Fell,01/01/1815 12:00:00 AM,30.3,76.63333,01/01/1815,12:00:00 AM,140702
267,Dyalpur,7757,300.0,Fell,01/01/1872 12:00:00 AM,26.25,82.0,01/01/1872,12:00:00 AM,227808
269,Eagle,7760,10000.0,Fell,01/01/1947 12:00:00 AM,40.78167,-96.47166999999999,01/01/1947,12:00:00 AM,68461
271,Eichstädt,7775,3000.0,Fell,01/01/1785 12:00:00 AM,48.9,11.21667,01/01/1785,12:00:00 AM,85072
272,Ekeby,7776,3336.0,Fell,01/01/1939 12:00:00 AM,56.03333000000001,13.0,01/01/1939,12:00:00 AM,26051
273,Ekh Khera,7777,840.0,Fell,01/01/1916 12:00:00 AM,28.26667,78.78333,01/01/1916,12:00:00 AM,202524
277,Elbert,7822,680.5,Fell,01/01/1998 12:00:00 AM,39.24667,-104.58816999999999,01/01/1998,12:00:00 AM,80106
278,Elbogen,7823,107000.0,Fell,12/24/1399 12:00:00 AM,50.18333,12.73333,12/24/1399,12:00:00 AM,356 01
280,Ellemeet,10019,1470.0,Fell,01/01/1925 12:00:00 AM,51.75,4.0,01/01/1925,12:00:00 AM,3247
281,Emmaville,10033,127.0,Fell,01/01/1900 12:00:00 AM,-29.46667,151.61667,01/01/1900,12:00:00 AM,2371
283,Ensisheim,10039,127000.0,Fell,12/23/1491 12:00:00 AM,47.86667,7.35,12/23/1491,12:00:00 AM,68190
284,Épinal,10041,277.0,Fell,01/01/1822 12:00:00 AM,48.18333,6.46667,01/01/1822,12:00:00 AM,88000
285,Erakot,10042,113.0,Fell,01/01/1940 12:00:00 AM,19.03333,81.89166999999999,01/01/1940,12:00:00 AM,494442
288,Erxleben,10049,2250.0,Fell,01/01/1812 12:00:00 AM,52.21667,11.25,01/01/1812,12:00:00 AM,39343
289,Esnandes,10051,1500.0,Fell,01/01/1837 12:00:00 AM,46.25,-1.1,01/01/1837,12:00:00 AM,17137
291,Estherville,10059,320000.0,Fell,01/01/1879 12:00:00 AM,43.41667,-94.83333,01/01/1879,12:00:00 AM,51334
292,Farmington,10074,89400.0,Fell,01/01/1890 12:00:00 AM,39.75,-97.03333,01/01/1890,12:00:00 AM,66968
293,Farmville,10075,56000.0,Fell,01/01/1934 12:00:00 AM,35.55,-77.53333,01/01/1934,12:00:00 AM,27828
294,Favars,10078,1500.0,Fell,01/01/1844 12:00:00 AM,44.38333,2.8166700000000002,01/01/1844,12:00:00 AM,12310
295,Fayetteville,10079,2360.0,Fell,01/01/1934 12:00:00 AM,36.05,-94.16667,01/01/1934,12:00:00 AM,72701
297,Felix,10081,3200.0,Fell,01/01/1900 12:00:00 AM,32.53333,-87.16667,01/01/1900,12:00:00 AM,36701
299,Ferguson,10088,220.0,Fell,01/01/1889 12:00:00 AM,36.1,-81.41667,01/01/1889,12:00:00 AM,28624
300,Fermo,10091,10200.0,Fell,01/01/1996 12:00:00 AM,43.18111,13.753329999999998,01/01/1996,12:00:00 AM,63900
301,Fisher,10107,17600.0,Fell,01/01/1894 12:00:00 AM,47.81667,-96.85,01/01/1894,12:00:00 AM,56723
302,Florence,10111,3640.0,Fell,01/01/1922 12:00:00 AM,30.83333,-97.76666999999999,01/01/1922,12:00:00 AM,76527
303,Forest City,10119,152000.0,Fell,01/01/1890 12:00:00 AM,43.25,-93.66667,01/01/1890,12:00:00 AM,50436
304,Forest Vale,10120,26000.0,Fell,01/01/1942 12:00:00 AM,-33.35,146.85833,01/01/1942,12:00:00 AM,2669
305,Forksville,10123,6067.0,Fell,01/01/1924 12:00:00 AM,36.78333,-78.08333,01/01/1924,12:00:00 AM,23920
306,Forsbach,10163,240.0,Fell,01/01/1900 12:00:00 AM,50.95,7.316669999999999,01/01/1900,12:00:00 AM,51491
307,Forsyth,10164,16300.0,Fell,01/01/1829 12:00:00 AM,33.01667,-83.96667,01/01/1829,12:00:00 AM,31029
309,Frankfort (stone),10177,650.0,Fell,01/01/1868 12:00:00 AM,34.48333,-87.83333,01/01/1868,12:00:00 AM,35653
311,Fukutomi,10836,11620.0,Fell,01/01/1882 12:00:00 AM,33.18333,130.2,01/01/1882,12:00:00 AM,849-0402
313,Futtehpur,10839,4000.0,Fell,01/01/1822 12:00:00 AM,25.95,80.81667,01/01/1822,12:00:00 AM,212601
314,Fuyang,10840,2500.0,Fell,01/01/1977 12:00:00 AM,32.9,115.9,01/01/1977,12:00:00 AM,236000
315,Galapian,10846,132.7,Fell,01/01/1826 12:00:00 AM,44.3,0.4,01/01/1826,12:00:00 AM,47190
322,Garland,10861,102.0,Fell,01/01/1950 12:00:00 AM,41.68333,-112.13333,01/01/1950,12:00:00 AM,84337
326,Gifu,10914,14290.0,Fell,01/01/1909 12:00:00 AM,35.53333,136.88333,01/01/1909,12:00:00 AM,501-3763
327,Girgenti,10917,18000.0,Fell,01/01/1853 12:00:00 AM,37.31667,13.566670000000002,01/01/1853,12:00:00 AM,92100
329,Glanerbrug,10923,670.0,Fell,01/01/1990 12:00:00 AM,52.2,6.86667,01/01/1990,12:00:00 AM,7544 NG
330,Glanggang,10924,1303.0,Fell,01/01/1939 12:00:00 AM,-7.25,107.7,01/01/1939,12:00:00 AM,44161
331,Glasatovo,10926,152000.0,Fell,01/01/1918 12:00:00 AM,57.35,37.61667,01/01/1918,12:00:00 AM,171640
332,Glatton,10930,767.0,Fell,01/01/1991 12:00:00 AM,52.45972,-0.3,01/01/1991,12:00:00 AM,PE28 5RZ
333,Gnadenfrei,10936,1750.0,Fell,01/01/1879 12:00:00 AM,50.66667,16.76667,01/01/1879,12:00:00 AM,58-240
335,Gorlovka,10949,3618.0,Fell,01/01/1974 12:00:00 AM,48.28333,38.08333,01/01/1974,12:00:00 AM,84619
336,Granes,10956,9000.0,Fell,01/01/1964 12:00:00 AM,42.9,2.25,01/01/1964,12:00:00 AM,11500
337,Grefsheim,11196,45.5,Fell,01/01/1976 12:00:00 AM,60.666669999999996,11.0,01/01/1976,12:00:00 AM,2848
338,Grimsby,50911,215.0,Fell,01/01/2009 12:00:00 AM,43.2,-79.61667,01/01/2009,12:00:00 AM,L3M 4A8
339,Grosnaja,11206,3500.0,Fell,01/01/1861 12:00:00 AM,43.66667,45.38333,01/01/1861,12:00:00 AM,366121
340,Gross-Divina,11207,10500.0,Fell,01/01/1837 12:00:00 AM,49.26667,18.71667,01/01/1837,12:00:00 AM,013 31
341,Grossliebenthal,11208,8000.0,Fell,01/01/1881 12:00:00 AM,46.35,30.58333,01/01/1881,12:00:00 AM,67832
342,Grüneberg,11426,1000.0,Fell,01/01/1841 12:00:00 AM,51.93333,15.5,01/01/1841,12:00:00 AM,65-409
343,Grzempach,11429,690.0,Fell,01/01/1910 12:00:00 AM,52.86666999999999,16.633329999999997,01/01/1910,12:00:00 AM,64-700
347,Guangrao,11437,1900.0,Fell,01/01/1980 12:00:00 AM,37.1,118.4,01/01/1980,12:00:00 AM,257300
348,Guareña,11439,39000.0,Fell,01/01/1892 12:00:00 AM,38.73333,-6.0166699999999995,01/01/1892,12:00:00 AM,06475
352,Gujargaon,11448,2449.0,Fell,01/01/1982 12:00:00 AM,22.98333,76.05,01/01/1982,12:00:00 AM,455001
354,Gumoschnik,11450,5700.0,Fell,01/01/1904 12:00:00 AM,42.9,24.7,01/01/1904,12:00:00 AM,5602
355,Gurram Konda,11464,28.0,Fell,01/01/1814 12:00:00 AM,13.78333,78.56667,01/01/1814,12:00:00 AM,517297
357,Gütersloh,11466,1000.0,Fell,01/01/1851 12:00:00 AM,51.91667,8.38333,01/01/1851,12:00:00 AM,33330
358,Gyokukei,11467,1320.0,Fell,01/01/1930 12:00:00 AM,35.0,127.5,01/01/1930,12:00:00 AM,540-813
359,Hachi-oji,11468,0.2,Fell,01/01/1817 12:00:00 AM,35.65,139.33333000000002,01/01/1817,12:00:00 AM,192-0903
360,Hainaut,11472,9000.0,Fell,01/01/1934 12:00:00 AM,50.31667,3.7333300000000005,01/01/1934,12:00:00 AM,59570
361,Hallingeberg,11479,1456.0,Fell,01/01/1944 12:00:00 AM,57.816669999999995,16.23333,01/01/1944,12:00:00 AM,594 91
362,Hamlet,11485,3710.0,Fell,01/01/1959 12:00:00 AM,41.38333,-86.6,01/01/1959,12:00:00 AM,46532
363,Haraiya,11824,1000.0,Fell,01/01/1878 12:00:00 AM,26.8,82.53333,01/01/1878,12:00:00 AM,272155
364,Haripura,11829,315.0,Fell,01/01/1921 12:00:00 AM,28.383329999999997,75.78333,01/01/1921,12:00:00 AM,333030
365,Harleton,11830,8360.0,Fell,01/01/1961 12:00:00 AM,32.675,-94.51167,01/01/1961,12:00:00 AM,75651
366,Harrison County,11842,680.0,Fell,01/01/1859 12:00:00 AM,38.25,-86.16667,01/01/1859,12:00:00 AM,47112
367,Hashima,11848,1110.6,Fell,01/01/1910 12:00:00 AM,35.2945,136.70033,01/01/1910,12:00:00 AM,501-6318
369,Hatford,11855,29000.0,Fell,01/01/1628 12:00:00 AM,51.65,-1.51667,01/01/1628,12:00:00 AM,SN7 8JQ
370,Haverö,11859,1544.0,Fell,01/01/1971 12:00:00 AM,60.24556,22.06194,01/01/1971,12:00:00 AM,21650
371,Hedeskoga,11869,3500.0,Fell,01/01/1922 12:00:00 AM,55.46666999999999,13.78333,01/01/1922,12:00:00 AM,271 99
372,Hedjaz,11870,6100.0,Fell,01/01/1910 12:00:00 AM,27.33333,35.66667,01/01/1910,12:00:00 AM,49511
374,Hessle,11878,20000.0,Fell,01/01/1869 12:00:00 AM,59.85,17.66667,01/01/1869,12:00:00 AM,753 23
375,Higashi-koen,11883,750.0,Fell,01/01/1897 12:00:00 AM,33.6,130.43333,01/01/1897,12:00:00 AM,812-0041
376,High Possil,11884,4500.0,Fell,01/01/1804 12:00:00 AM,55.9,-4.2333300000000005,01/01/1804,12:00:00 AM,G64 2AQ
377,Hiroshima,11889,414.0,Fell,01/01/2003 12:00:00 AM,34.45,132.38333,01/01/2003,12:00:00 AM,731-3168
379,Hökmark,11893,305.5,Fell,01/01/1954 12:00:00 AM,64.43333,21.2,01/01/1954,12:00:00 AM,930 10
380,Holbrook,11894,220000.0,Fell,01/01/1912 12:00:00 AM,34.9,-110.18333,01/01/1912,12:00:00 AM,86025
382,Homestead,11901,230000.0,Fell,01/01/1875 12:00:00 AM,41.8,-91.86667,01/01/1875,12:00:00 AM,52203
383,Honolulu,11904,2420.0,Fell,01/01/1825 12:00:00 AM,21.3,-157.86667,01/01/1825,12:00:00 AM,96813
385,Hoxie,11915,266.1,Fell,01/01/1963 12:00:00 AM,39.35,-100.45,01/01/1963,12:00:00 AM,67740
386,Hraschina,11916,49000.0,Fell,01/01/1751 12:00:00 AM,46.1,16.33333,01/01/1751,12:00:00 AM,42224
388,Hungen,11986,112.0,Fell,01/01/1877 12:00:00 AM,50.3,8.91667,01/01/1877,12:00:00 AM,63674
389,Hvittis,11989,14000.0,Fell,01/01/1901 12:00:00 AM,61.183330000000005,22.683329999999998,01/01/1901,12:00:00 AM,32700
390,Ibbenbüren,11992,2000.0,Fell,01/01/1870 12:00:00 AM,52.28333,7.7,01/01/1870,12:00:00 AM,49477
391,Ibitira,11993,2500.0,Fell,01/01/1957 12:00:00 AM,-20.0,-45.0,01/01/1957,12:00:00 AM,35515-000
393,Ichkala,11995,3973.0,Fell,01/01/1936 12:00:00 AM,58.2,82.93333,01/01/1936,12:00:00 AM,636421
394,Idutywa,12000,3457.0,Fell,01/01/1956 12:00:00 AM,-32.1,28.33333,01/01/1956,12:00:00 AM,5000
395,Iguaracu,12003,1200.0,Fell,01/01/1977 12:00:00 AM,-23.2,-51.83333,01/01/1977,12:00:00 AM,86750-000
398,Independence,12028,880.0,Fell,01/01/1917 12:00:00 AM,39.08333,-94.4,01/01/1917,12:00:00 AM,64050
400,Innisfree,12039,4576.0,Fell,01/01/1977 12:00:00 AM,53.415,-111.3375,01/01/1977,12:00:00 AM,T0B 3B0
404,Itapicuru-Mirim,12056,2024.0,Fell,01/01/1879 12:00:00 AM,-3.4,-44.33333,01/01/1879,12:00:00 AM,65485-000
410,Jalandhar,12069,1967.0,Fell,01/01/1621 12:00:00 AM,31.0,75.0,01/01/1621,12:00:00 AM,142047
411,Jamkheir,12072,22.0,Fell,01/01/1866 12:00:00 AM,18.75,75.33333,01/01/1866,12:00:00 AM,413201
415,Jesenice,51589,3667.0,Fell,01/01/2009 12:00:00 AM,46.42137,14.052170000000002,01/01/2009,12:00:00 AM,4247
420,Jodiya,47362,100.0,Fell,01/01/2006 12:00:00 AM,22.68,70.31333000000001,01/01/2006,12:00:00 AM,361250
421,Jodzie,12173,30.0,Fell,01/01/1877 12:00:00 AM,55.7,24.4,01/01/1877,12:00:00 AM,38126
422,Johnstown,12198,40300.0,Fell,01/01/1924 12:00:00 AM,40.35,-104.9,01/01/1924,12:00:00 AM,80534
424,Jonzac,12202,5000.0,Fell,01/01/1819 12:00:00 AM,45.43333,-0.45,01/01/1819,12:00:00 AM,17500
426,Judesegeri,12207,680.0,Fell,01/01/1876 12:00:00 AM,12.85,76.8,01/01/1876,12:00:00 AM,571445
427,Jumapalo,12209,32490.0,Fell,01/01/1984 12:00:00 AM,-7.71667,111.2,01/01/1984,12:00:00 AM,63362
429,Juromenha,12213,25250.0,Fell,01/01/1968 12:00:00 AM,38.74028,-7.27,01/01/1968,12:00:00 AM,7250
430,Juvinas,12214,91000.0,Fell,01/01/1821 12:00:00 AM,44.71667,4.3,01/01/1821,12:00:00 AM,07600
431,Kaba,12218,3000.0,Fell,01/01/1857 12:00:00 AM,47.35,21.3,01/01/1857,12:00:00 AM,4183
433,Kadonah,12221,89.0,Fell,01/01/1822 12:00:00 AM,27.08333,78.33333,01/01/1822,12:00:00 AM,283203
434,Kaee,12222,230.0,Fell,01/01/1838 12:00:00 AM,27.25,79.96667,01/01/1838,12:00:00 AM,241403
435,Kagarlyk,12227,1900.0,Fell,01/01/1908 12:00:00 AM,49.86667,30.83333,01/01/1908,12:00:00 AM,09200
437,Kainsaz,12229,200000.0,Fell,01/01/1937 12:00:00 AM,55.433330000000005,53.25,01/01/1937,12:00:00 AM,423724
438,Kakangari,12230,350.0,Fell,01/01/1890 12:00:00 AM,12.38333,78.51666999999999,01/01/1890,12:00:00 AM,635602
439,Kakowa,12231,577.0,Fell,01/01/1858 12:00:00 AM,45.13333,21.66667,01/01/1858,12:00:00 AM,327398
441,Kalumbi,12236,4500.0,Fell,01/01/1879 12:00:00 AM,17.83333,73.98333000000001,01/01/1879,12:00:00 AM,415011
442,Kamalpur,12238,2770.0,Fell,01/01/1942 12:00:00 AM,26.03333,81.46667,01/01/1942,12:00:00 AM,229127
443,Kamiomi,12240,448.0,Fell,01/01/1913 12:00:00 AM,36.04167,139.95667,01/01/1913,12:00:00 AM,303-0041
444,Kamsagar,12241,1293.0,Fell,01/01/1902 12:00:00 AM,14.183329999999998,75.8,01/01/1902,12:00:00 AM,577224
447,Kangra Valley,12246,400.0,Fell,01/01/1897 12:00:00 AM,32.08333,76.3,01/01/1897,12:00:00 AM,176038
449,Kaprada,47357,1600.0,Fell,01/01/2004 12:00:00 AM,20.33916,73.22329,01/01/2004,12:00:00 AM,396126
451,Karakol,12256,3000.0,Fell,01/01/1840 12:00:00 AM,47.21667,81.01666999999999,01/01/1840,12:00:00 AM,070000
456,Karoonda,12264,41730.0,Fell,01/01/1930 12:00:00 AM,-35.08333,139.91666999999998,01/01/1930,12:00:00 AM,5307
457,Kasamatsu,12266,710.0,Fell,01/01/1938 12:00:00 AM,35.36667,136.76667,01/01/1938,12:00:00 AM,501-6043
458,Kasauli,30740,16820.0,Fell,01/01/2003 12:00:00 AM,29.58333,77.58333,01/01/2003,12:00:00 AM,251311
460,Kavarpura,47351,6800.0,Fell,01/01/2006 12:00:00 AM,25.14333,75.81333000000001,01/01/2006,12:00:00 AM,324009
461,Kayakent,12268,85000.0,Fell,01/01/1961 12:00:00 AM,39.263329999999996,31.78,01/01/1961,12:00:00 AM,26630
462,Kediri,12270,3300.0,Fell,01/01/1940 12:00:00 AM,-7.75,112.01666999999999,01/01/1940,12:00:00 AM,64484
463,Kemer,53654,5760.0,Fell,01/01/2008 12:00:00 AM,36.541940000000004,29.41822,01/01/2008,12:00:00 AM,48850
464,Kendleton,12275,6937.0,Fell,01/01/1939 12:00:00 AM,29.45,-96.0,01/01/1939,12:00:00 AM,77417
465,Kendrapara,12276,6669.2,Fell,01/01/2003 12:00:00 AM,20.4625,86.70278,01/01/2003,12:00:00 AM,754224
466,Kerilis,12282,5000.0,Fell,01/01/1874 12:00:00 AM,48.4,-3.3,01/01/1874,12:00:00 AM,22160
467,Kernouve,12284,80000.0,Fell,01/01/1869 12:00:00 AM,48.11667,-3.08333,01/01/1869,12:00:00 AM,56480
468,Kesen,12286,135000.0,Fell,01/01/1850 12:00:00 AM,38.98333,141.61667,01/01/1850,12:00:00 AM,029-2204
470,Khanpur,12289,3698.0,Fell,01/01/1932 12:00:00 AM,25.55,83.11667,01/01/1932,12:00:00 AM,233223
471,Kharkov,12291,1500.0,Fell,01/01/1787 12:00:00 AM,50.625,35.075,01/01/1787,12:00:00 AM,42624
472,Kheragur,12294,450.0,Fell,01/01/1860 12:00:00 AM,26.95,77.88333,01/01/1860,12:00:00 AM,283121
473,Khetri,12296,100.0,Fell,01/01/1867 12:00:00 AM,28.01667,75.81667,01/01/1867,12:00:00 AM,333503
474,Khmelevka,12297,6109.0,Fell,01/01/1929 12:00:00 AM,56.75,75.33333,01/01/1929,12:00:00 AM,646446
475,Khohar,12298,9700.0,Fell,01/01/1910 12:00:00 AM,25.1,81.53333,01/01/1910,12:00:00 AM,486220
478,Kiel,12301,737.6,Fell,01/01/1962 12:00:00 AM,54.4,10.15,01/01/1962,12:00:00 AM,24159
481,Kikino,12306,195.0,Fell,01/01/1809 12:00:00 AM,55.0,34.0,01/01/1809,12:00:00 AM,215133
483,Kilbourn,12308,772.0,Fell,01/01/1911 12:00:00 AM,43.58333,-89.6,01/01/1911,12:00:00 AM,53901
484,Killeter,12309,140.0,Fell,01/01/1844 12:00:00 AM,54.666669999999996,-7.66667,01/01/1844,12:00:00 AM,BT81 7EP
486,Kirbyville,12321,97.7,Fell,01/01/1906 12:00:00 AM,30.75,-95.95,01/01/1906,12:00:00 AM,77831
487,Kisvarsány,12325,1550.0,Fell,01/01/1914 12:00:00 AM,48.16667,22.308329999999998,01/01/1914,12:00:00 AM,4812
488,Kitchener,12326,202.6,Fell,01/01/1998 12:00:00 AM,43.38333,-80.38333,01/01/1998,12:00:00 AM,N3H 4R8
489,Klein-Wenden,12332,3250.0,Fell,01/01/1843 12:00:00 AM,51.6,10.8,01/01/1843,12:00:00 AM,99768
490,Knyahinya,12335,500000.0,Fell,01/01/1866 12:00:00 AM,48.9,22.4,01/01/1866,12:00:00 AM,067 73
491,Kobe,12336,136.0,Fell,01/01/1999 12:00:00 AM,34.73333,135.16666999999998,01/01/1999,12:00:00 AM,651-1101
492,Kokubunji,12342,11510.0,Fell,01/01/1986 12:00:00 AM,34.3,133.95,01/01/1986,12:00:00 AM,769-0102
493,Komagome,12343,238.0,Fell,01/01/1926 12:00:00 AM,35.73333,139.75,01/01/1926,12:00:00 AM,113-0021
494,Konovo,12344,90.0,Fell,01/01/1931 12:00:00 AM,42.51667,26.16667,01/01/1931,12:00:00 AM,8920
495,Košice,53810,4300.0,Fell,01/01/2010 12:00:00 AM,48.76367,21.17633,01/01/2010,12:00:00 AM,040 01
496,Krähenberg,12353,16500.0,Fell,01/01/1869 12:00:00 AM,49.32694,7.46472,01/01/1869,12:00:00 AM,66894
497,Krasnoi-Ugol,12355,2440.0,Fell,01/01/1829 12:00:00 AM,54.03333000000001,40.9,01/01/1829,12:00:00 AM,391952
499,Krutikha,12363,845.2,Fell,01/01/1906 12:00:00 AM,56.8,77.0,01/01/1906,12:00:00 AM,632286
503,Kuleschovka,12370,6000.0,Fell,01/01/1811 12:00:00 AM,50.75,33.5,01/01/1811,12:00:00 AM,42000
504,Kulp,12373,3719.0,Fell,01/01/1906 12:00:00 AM,41.11667,45.0,01/01/1906,12:00:00 AM,4116
505,Kunashak,12377,200000.0,Fell,01/01/1949 12:00:00 AM,55.78333000000001,61.36666999999999,01/01/1949,12:00:00 AM,456735
507,Kushiike,12381,4460.0,Fell,01/01/1920 12:00:00 AM,37.05,138.38333,01/01/1920,12:00:00 AM,943-0526
508,Kusiali,12382,5.0,Fell,01/01/1860 12:00:00 AM,29.683329999999998,78.38333,01/01/1860,12:00:00 AM,246749
509,Kutais,12383,23.0,Fell,01/01/1977 12:00:00 AM,44.51667,39.3,01/01/1977,12:00:00 AM,353271
510,Kuttippuram,12384,45000.0,Fell,01/01/1914 12:00:00 AM,10.83333,76.03333,01/01/1914,12:00:00 AM,679551
511,Kuznetzovo,12385,4047.0,Fell,01/01/1932 12:00:00 AM,55.2,75.33333,01/01/1932,12:00:00 AM,632102
512,Kyushu,12390,45000.0,Fell,01/01/1886 12:00:00 AM,32.03333,130.63333,01/01/1886,12:00:00 AM,895-2705
513,La Bécasse,12392,2800.0,Fell,01/01/1879 12:00:00 AM,47.08333,1.75,01/01/1879,12:00:00 AM,36150
517,Laborel,12408,3833.0,Fell,01/01/1871 12:00:00 AM,44.28333,5.58333,01/01/1871,12:00:00 AM,26560
518,Lahrauli,12433,900.0,Fell,01/01/1955 12:00:00 AM,26.78333,82.71667,01/01/1955,12:00:00 AM,272001
519,L'Aigle,12434,37000.0,Fell,01/01/1803 12:00:00 AM,48.76667,0.6333300000000001,01/01/1803,12:00:00 AM,61300
521,Lakangaon,12435,212.5,Fell,01/01/1910 12:00:00 AM,21.866670000000003,76.03333,01/01/1910,12:00:00 AM,451331
522,Lalitpur,12451,372.0,Fell,01/01/1887 12:00:00 AM,24.45,78.56667,01/01/1887,12:00:00 AM,284406
523,Lancé,12455,51700.0,Fell,01/01/1872 12:00:00 AM,47.7,1.06667,01/01/1872,12:00:00 AM,41310
524,Lancon,12456,7000.0,Fell,01/01/1897 12:00:00 AM,43.75,5.11667,01/01/1897,12:00:00 AM,13560
525,Långhalsen,12461,2300.0,Fell,01/01/1947 12:00:00 AM,58.85,16.73333,01/01/1947,12:00:00 AM,611 98
527,Lanzenkirchen,12465,7000.0,Fell,01/01/1925 12:00:00 AM,47.75,16.23333,01/01/1925,12:00:00 AM,2821
529,Launton,12740,1060.0,Fell,01/01/1830 12:00:00 AM,51.9,-1.11667,01/01/1830,12:00:00 AM,OX26 5DZ
531,Le Pressoir,12748,3000.0,Fell,01/01/1845 12:00:00 AM,47.16667,0.43333,01/01/1845,12:00:00 AM,37220
532,Le Teilleul,12749,780.0,Fell,01/01/1845 12:00:00 AM,48.53333,-0.86667,01/01/1845,12:00:00 AM,50640
533,Leedey,12755,51500.0,Fell,01/01/1943 12:00:00 AM,35.88333,-99.33333,01/01/1943,12:00:00 AM,73654
536,Leighton,12760,877.0,Fell,01/01/1907 12:00:00 AM,34.58333,-87.5,01/01/1907,12:00:00 AM,35654
537,Leonovka,12765,700.0,Fell,01/01/1900 12:00:00 AM,52.26667,32.85,01/01/1900,12:00:00 AM,15442
538,Les Ormes,12769,125.0,Fell,01/01/1857 12:00:00 AM,48.35,3.25,01/01/1857,12:00:00 AM,89140
539,Lesves,12772,2000.0,Fell,01/01/1896 12:00:00 AM,50.36667,4.7333300000000005,01/01/1896,12:00:00 AM,5640
540,Lichtenberg,14646,4000.0,Fell,01/01/1973 12:00:00 AM,-26.15,26.183329999999998,01/01/1973,12:00:00 AM,2740
541,Lillaverke,14650,6862.0,Fell,01/01/1930 12:00:00 AM,56.65,15.866670000000001,01/01/1930,12:00:00 AM,382 96
543,Linum,14655,1862.0,Fell,01/01/1854 12:00:00 AM,52.75,12.9,01/01/1854,12:00:00 AM,16833
545,Lissa,14661,12800.0,Fell,01/01/1808 12:00:00 AM,50.2,14.85,01/01/1808,12:00:00 AM,289 22
546,Little Piney,14664,491.0,Fell,01/01/1839 12:00:00 AM,37.91667,-92.08333,01/01/1839,12:00:00 AM,65459
547,Lixna,14670,5213.0,Fell,01/01/1820 12:00:00 AM,56.0,26.433329999999998,01/01/1820,12:00:00 AM,LV-5456
549,Lohawat,14678,40000.0,Fell,01/01/1994 12:00:00 AM,26.965559999999996,72.62666999999999,01/01/1994,12:00:00 AM,342302
550,Lorton,52843,329.7,Fell,01/01/2010 12:00:00 AM,38.70066,-77.21163,01/01/2010,12:00:00 AM,22079
551,Los Martinez,14708,25.0,Fell,01/01/1894 12:00:00 AM,38.0,-0.8333299999999999,01/01/1894,12:00:00 AM,03193
552,Lost City,14711,17000.0,Fell,01/01/1970 12:00:00 AM,36.00833,-95.15,01/01/1970,12:00:00 AM,74441
553,Louisville,14716,1300.0,Fell,01/01/1977 12:00:00 AM,38.25,-85.75,01/01/1977,12:00:00 AM,40202
554,Łowicz,14718,59000.0,Fell,01/01/1935 12:00:00 AM,52.0,19.91667,01/01/1935,12:00:00 AM,99-420
555,Lua,14721,9241.0,Fell,01/01/1926 12:00:00 AM,24.95,75.15,01/01/1926,12:00:00 AM,458228
556,Lucé,14724,3500.0,Fell,01/01/1768 12:00:00 AM,47.85,0.48333000000000004,01/01/1768,12:00:00 AM,72150
557,Lumpkin,14753,340.0,Fell,01/01/1869 12:00:00 AM,32.03333,-84.76666999999999,01/01/1869,12:00:00 AM,31815
559,Lundsgård,14755,11000.0,Fell,01/01/1889 12:00:00 AM,56.21666999999999,13.03333,01/01/1889,12:00:00 AM,266 91
560,Luotolax,14756,885.0,Fell,01/01/1813 12:00:00 AM,61.2,27.7,01/01/1813,12:00:00 AM,54800
561,Luponnas,14757,14000.0,Fell,01/01/1753 12:00:00 AM,46.21667,5.0,01/01/1753,12:00:00 AM,01540
564,Macau,15370,1500.0,Fell,01/01/1836 12:00:00 AM,-5.2,-36.66667,01/01/1836,12:00:00 AM,59504-000
567,Madhipura,15379,1000.0,Fell,01/01/1950 12:00:00 AM,25.91667,86.36667,01/01/1950,12:00:00 AM,847203
568,Madiun,15380,400.0,Fell,01/01/1935 12:00:00 AM,-7.75,111.53333,01/01/1935,12:00:00 AM,63174
569,Madrid,15382,400.0,Fell,01/01/1896 12:00:00 AM,40.41667,-3.7166699999999997,01/01/1896,12:00:00 AM,28013
570,Mafra,15383,600.0,Fell,01/01/1941 12:00:00 AM,-26.16667,-49.93333,01/01/1941,12:00:00 AM,89300-000
571,Magnesia,15386,5000.0,Fell,01/01/1899 12:00:00 AM,37.86667,27.51667,01/01/1899,12:00:00 AM,09330
573,Mahadevpur,47361,70500.0,Fell,01/01/2007 12:00:00 AM,27.66667,95.78333,01/01/2007,12:00:00 AM,786154
575,Malaga,15393,150.0,Fell,01/01/1933 12:00:00 AM,32.21667,-104.0,01/01/1933,12:00:00 AM,88256
581,Manbhoom,15402,1700.0,Fell,01/01/1863 12:00:00 AM,23.05,86.7,01/01/1863,12:00:00 AM,723131
582,Manegaon,15403,50.0,Fell,01/01/1843 12:00:00 AM,20.96667,76.1,01/01/1843,12:00:00 AM,443101
584,Manych,15409,3555.0,Fell,01/01/1951 12:00:00 AM,45.81667,44.63333,01/01/1951,12:00:00 AM,359130
585,Mardan,15414,4500.0,Fell,01/01/1948 12:00:00 AM,34.23333,72.08333,01/01/1948,12:00:00 AM,23200
587,Mariaville,15419,340.0,Fell,01/01/1898 12:00:00 AM,42.71667,-99.38333,01/01/1898,12:00:00 AM,68759
588,Maribo,48973,25.81,Fell,01/01/2009 12:00:00 AM,54.76183,11.46745,01/01/2009,12:00:00 AM,4930
590,Marilia,15422,2500.0,Fell,01/01/1971 12:00:00 AM,-22.25,-49.93333,01/01/1971,12:00:00 AM,17522-270
591,Marion (Iowa),15424,28400.0,Fell,01/01/1847 12:00:00 AM,41.9,-91.6,01/01/1847,12:00:00 AM,52227
592,Marjalahti,15426,45000.0,Fell,01/01/1902 12:00:00 AM,61.5,30.5,01/01/1902,12:00:00 AM,186724
593,Marmande,15429,3000.0,Fell,01/01/1848 12:00:00 AM,44.5,0.15,01/01/1848,12:00:00 AM,47200
595,Maryville,15436,1443.0,Fell,01/01/1983 12:00:00 AM,35.8,-84.1,01/01/1983,12:00:00 AM,37777
596,Mascombes,15438,1000.0,Fell,01/01/1836 12:00:00 AM,45.36667,1.86667,01/01/1836,12:00:00 AM,19800
598,Mässing,15443,1600.0,Fell,01/01/1803 12:00:00 AM,48.13333,12.61667,01/01/1803,12:00:00 AM,84518
599,Mauerkirchen,15446,19000.0,Fell,01/01/1768 12:00:00 AM,48.18333,13.133329999999999,01/01/1768,12:00:00 AM,5270
606,Meerut,15469,22.0,Fell,01/01/1861 12:00:00 AM,29.01667,77.8,01/01/1861,12:00:00 AM,250001
607,Meester-Cornelis,15470,24750.0,Fell,01/01/1915 12:00:00 AM,-6.2333300000000005,106.88333,01/01/1915,12:00:00 AM,13410
608,Menow,15485,10500.0,Fell,01/01/1862 12:00:00 AM,53.183330000000005,13.15,01/01/1862,12:00:00 AM,16798
609,Menziswyl,15486,28.9,Fell,01/01/1903 12:00:00 AM,46.818670000000004,7.21817,01/01/1903,12:00:00 AM,1712
610,Mern,15489,4000.0,Fell,01/01/1878 12:00:00 AM,55.05,12.06667,01/01/1878,12:00:00 AM,4735
612,Merua,15492,71400.0,Fell,01/01/1920 12:00:00 AM,25.48333,81.98333000000001,01/01/1920,12:00:00 AM,221507
613,Messina,15495,2405.0,Fell,01/01/1955 12:00:00 AM,38.18333,15.566670000000002,01/01/1955,12:00:00 AM,98122
614,Meuselbach,16626,870.0,Fell,01/01/1897 12:00:00 AM,50.58333,11.1,01/01/1897,12:00:00 AM,98746
615,Mezel,16627,1300.0,Fell,01/01/1949 12:00:00 AM,45.76667,3.25,01/01/1949,12:00:00 AM,63111
617,Mhow,16629,350.0,Fell,01/01/1827 12:00:00 AM,25.9,83.61667,01/01/1827,12:00:00 AM,275101
619,Middlesbrough,16632,1600.0,Fell,01/01/1881 12:00:00 AM,54.566669999999995,-1.16667,01/01/1881,12:00:00 AM,TS6 0DR
620,Mifflin,52090,3584.0,Fell,01/01/2010 12:00:00 AM,42.9075,-90.36556,01/01/2010,12:00:00 AM,53554
622,Mihonoseki,16635,6380.0,Fell,01/01/1992 12:00:00 AM,35.568329999999996,133.22,01/01/1992,12:00:00 AM,690-1311
623,Mike,16636,224.2,Fell,01/01/1944 12:00:00 AM,46.23333,17.53333,01/01/1944,12:00:00 AM,7512
624,Milena,16640,10000.0,Fell,01/01/1842 12:00:00 AM,46.18333,16.1,01/01/1842,12:00:00 AM,42240
625,Millbillillie,16643,330000.0,Fell,01/01/1960 12:00:00 AM,-26.45,120.36667,01/01/1960,12:00:00 AM,6646
626,Miller (Arkansas),16645,16700.0,Fell,01/01/1930 12:00:00 AM,35.4,-92.05,01/01/1930,12:00:00 AM,72137
627,Minamino,16692,1040.0,Fell,01/01/1632 12:00:00 AM,35.07833,136.93333,01/01/1632,12:00:00 AM,457-0068
628,Mineo,16696,42.0,Fell,01/01/1826 12:00:00 AM,37.28333,14.7,01/01/1826,12:00:00 AM,95044
630,Minnichhof,16700,550.0,Fell,01/01/1905 12:00:00 AM,47.7,16.6,01/01/1905,12:00:00 AM,9408
631,Mirzapur,16701,8510.0,Fell,01/01/1910 12:00:00 AM,25.683329999999998,83.25,01/01/1910,12:00:00 AM,275204
632,Misshof,16703,5800.0,Fell,01/01/1890 12:00:00 AM,56.666669999999996,23.0,01/01/1890,12:00:00 AM,LV-3718
633,Mjelleim,16707,100.7,Fell,01/01/1898 12:00:00 AM,61.73333,5.933330000000001,01/01/1898,12:00:00 AM,6829
634,Mocs,16709,300000.0,Fell,01/01/1882 12:00:00 AM,46.8,24.03333,01/01/1882,12:00:00 AM,407427
635,Modoc (1905),16711,35000.0,Fell,01/01/1905 12:00:00 AM,38.5,-101.1,01/01/1905,12:00:00 AM,67863
636,Mokoia,16713,4500.0,Fell,01/01/1908 12:00:00 AM,-39.63333,174.4,01/01/1908,12:00:00 AM,4672
637,Molina,16715,144000.0,Fell,01/01/1858 12:00:00 AM,38.11667,-1.16667,01/01/1858,12:00:00 AM,30627
639,Monahans (1998),16719,2587.0,Fell,01/01/1998 12:00:00 AM,31.60833,-102.85833000000001,01/01/1998,12:00:00 AM,79756
640,Monroe,16720,8600.0,Fell,01/01/1849 12:00:00 AM,35.25,-80.5,01/01/1849,12:00:00 AM,28107
641,Monte das Fortes,16725,4885.0,Fell,01/01/1950 12:00:00 AM,38.01667,-8.25,01/01/1950,12:00:00 AM,7900
642,Monte Milone,16726,3130.0,Fell,01/01/1846 12:00:00 AM,43.26667,13.35,01/01/1846,12:00:00 AM,62010
643,Montferré,16727,149000.0,Fell,01/01/1923 12:00:00 AM,43.39056,1.9625,01/01/1923,12:00:00 AM,11400
644,Montlivault,16729,500.0,Fell,01/01/1838 12:00:00 AM,47.63333,1.58333,01/01/1838,12:00:00 AM,41220
646,Moore County,16736,1880.0,Fell,01/01/1913 12:00:00 AM,35.41667,-79.38333,01/01/1913,12:00:00 AM,28327
648,Moorleah,16738,8887.5,Fell,01/01/1930 12:00:00 AM,-40.975,145.6,01/01/1930,12:00:00 AM,7325
649,Moradabad,16740,70.0,Fell,01/01/1808 12:00:00 AM,28.78333,78.83333,01/01/1808,12:00:00 AM,244001
650,Morávka,16742,633.0,Fell,01/01/2000 12:00:00 AM,49.6,18.53333,01/01/2000,12:00:00 AM,739 04
651,Mornans,16747,1300.0,Fell,01/01/1875 12:00:00 AM,44.6,5.13333,01/01/1875,12:00:00 AM,26460
652,Moss,36592,3763.0,Fell,01/01/2006 12:00:00 AM,59.433330000000005,10.7,01/01/2006,12:00:00 AM,1596
653,Moti-ka-nagla,16759,1500.0,Fell,01/01/1868 12:00:00 AM,26.83333,77.33333,01/01/1868,12:00:00 AM,321405
655,Mount Browne,16766,11300.0,Fell,01/01/1902 12:00:00 AM,-29.8,141.7,01/01/1902,12:00:00 AM,2880
657,Mount Vaisi,16805,17000.0,Fell,01/01/1637 12:00:00 AM,44.08333,6.86667,01/01/1637,12:00:00 AM,06470
659,Muddoor,16841,4400.0,Fell,01/01/1865 12:00:00 AM,12.63333,77.01666999999999,01/01/1865,12:00:00 AM,571419
662,Murchison,16875,100000.0,Fell,01/01/1969 12:00:00 AM,-36.61667,145.2,01/01/1969,12:00:00 AM,3610
663,Murray,16882,12600.0,Fell,01/01/1950 12:00:00 AM,36.6,-88.1,01/01/1950,12:00:00 AM,42076
664,Muzaffarpur,16885,1245.0,Fell,01/01/1964 12:00:00 AM,26.133329999999997,85.53333,01/01/1964,12:00:00 AM,842127
667,Nagai,16890,1810.0,Fell,01/01/1922 12:00:00 AM,38.12167,140.06167,01/01/1922,12:00:00 AM,993-0073
669,Nagy-Borové,16893,6100.0,Fell,01/01/1895 12:00:00 AM,49.16667,19.5,01/01/1895,12:00:00 AM,032 23
671,Nakhon Pathom,16899,23200.0,Fell,01/01/1923 12:00:00 AM,13.733329999999999,100.08333,01/01/1923,12:00:00 AM,73000
672,Nammianthal,16902,4500.0,Fell,01/01/1886 12:00:00 AM,12.28333,79.2,01/01/1886,12:00:00 AM,604601
674,Nanjemoy,16904,7500.0,Fell,01/01/1825 12:00:00 AM,38.41667,-77.16667,01/01/1825,12:00:00 AM,20662
676,Naoki,16908,17000.0,Fell,01/01/1928 12:00:00 AM,19.25,77.0,01/01/1928,12:00:00 AM,431511
678,Narellan,16912,367.5,Fell,01/01/1928 12:00:00 AM,-34.05,150.68889,01/01/1928,12:00:00 AM,2570
682,Nawapali,16927,105.0,Fell,01/01/1890 12:00:00 AM,21.25,83.66667,01/01/1890,12:00:00 AM,768040
683,Neagari,16934,420.0,Fell,01/01/1995 12:00:00 AM,36.44917,136.46528,01/01/1995,12:00:00 AM,929-0113
684,Nedagolla,16935,4500.0,Fell,01/01/1870 12:00:00 AM,18.683329999999998,83.48333000000001,01/01/1870,12:00:00 AM,535546
686,Nerft,16945,10250.0,Fell,01/01/1864 12:00:00 AM,56.5,21.5,01/01/1864,12:00:00 AM,LV-3446
687,Neuschwanstein,16950,6189.0,Fell,01/01/2002 12:00:00 AM,47.525,10.80833,01/01/2002,12:00:00 AM,87645
688,New Concord,16953,230000.0,Fell,01/01/1860 12:00:00 AM,40.0,-81.76666999999999,01/01/1860,12:00:00 AM,43762
690,New Orleans,16960,19256.0,Fell,01/01/2003 12:00:00 AM,29.94718,-90.10976,01/01/2003,12:00:00 AM,70125
691,Ngawi,16966,1393.0,Fell,01/01/1883 12:00:00 AM,-7.45,111.41667,01/01/1883,12:00:00 AM,63253
696,Nikolaevka,16976,3996.0,Fell,01/01/1935 12:00:00 AM,52.45,78.63333,01/01/1935,12:00:00 AM,140000
698,Ningbo,16980,14250.0,Fell,01/01/1975 12:00:00 AM,29.866670000000003,121.48333000000001,01/01/1975,12:00:00 AM,315000
700,Nio,16982,467.0,Fell,01/01/1897 12:00:00 AM,34.2,131.56667,01/01/1897,12:00:00 AM,753-0302
702,Nobleborough,16984,2300.0,Fell,01/01/1823 12:00:00 AM,44.08333,-69.48333000000001,01/01/1823,12:00:00 AM,04555
703,Noblesville,16985,483.7,Fell,01/01/1991 12:00:00 AM,40.08528,-86.055,01/01/1991,12:00:00 AM,46062
704,Nogata,16988,472.0,Fell,12/28/0860 12:00:00 AM,33.725,130.75,12/28/0860,12:00:00 AM,822-0006
706,Norfork,16994,1050.0,Fell,01/01/1918 12:00:00 AM,36.21667,-92.26666999999999,01/01/1918,12:00:00 AM,72658
707,Norton County,17922,1100000.0,Fell,01/01/1948 12:00:00 AM,39.68333,-99.86667,01/01/1948,12:00:00 AM,67645
708,Noventa Vicentina,17930,177.0,Fell,01/01/1971 12:00:00 AM,45.29167,11.52722,01/01/1971,12:00:00 AM,36025
709,Novo-Urei,17933,1900.0,Fell,01/01/1886 12:00:00 AM,54.816669999999995,46.0,01/01/1886,12:00:00 AM,431898
711,Novy-Projekt,17935,1001.0,Fell,01/01/1908 12:00:00 AM,56.0,22.0,01/01/1908,12:00:00 AM,90471
714,Nulles,17959,5000.0,Fell,01/01/1851 12:00:00 AM,41.63333,0.75,01/01/1851,12:00:00 AM,25220
715,Numakai,17960,363.0,Fell,01/01/1925 12:00:00 AM,43.33333,141.86667,01/01/1925,12:00:00 AM,072-0004
717,Nyirábrany,17970,1100.0,Fell,01/01/1914 12:00:00 AM,47.55,22.025,01/01/1914,12:00:00 AM,4264
718,Ochansk,17979,500000.0,Fell,01/01/1887 12:00:00 AM,57.78333000000001,55.26667,01/01/1887,12:00:00 AM,618115
719,Oesede,17988,1400.0,Fell,01/01/1927 12:00:00 AM,52.28333,8.05,01/01/1927,12:00:00 AM,49088
720,Oesel,17989,6000.0,Fell,01/01/1855 12:00:00 AM,58.5,23.0,01/01/1855,12:00:00 AM,94511
721,Ofehértó,17990,3750.0,Fell,01/01/1900 12:00:00 AM,47.88333,22.03333,01/01/1900,12:00:00 AM,4326
722,Ogi,17994,14360.0,Fell,01/01/1741 12:00:00 AM,33.28333,130.2,01/01/1741,12:00:00 AM,845-0022
725,Ojuelos Altos,17997,5850.0,Fell,01/01/1926 12:00:00 AM,38.18333,-5.4,01/01/1926,12:00:00 AM,14297
726,Okabe,17998,194.0,Fell,01/01/1958 12:00:00 AM,36.18333,139.21667,01/01/1958,12:00:00 AM,369-0215
727,Okano,18000,4742.0,Fell,01/01/1904 12:00:00 AM,35.08333,135.2,01/01/1904,12:00:00 AM,669-2353
729,Oldenburg (1930),18009,16570.0,Fell,01/01/1930 12:00:00 AM,52.95,8.16667,01/01/1930,12:00:00 AM,26197
731,Olivenza,18013,150000.0,Fell,01/01/1924 12:00:00 AM,38.71667,-7.066669999999999,01/01/1924,12:00:00 AM,06109
732,Olmedilla de Alarcón,18015,40000.0,Fell,01/01/1929 12:00:00 AM,39.56667,-2.1,01/01/1929,12:00:00 AM,16214
733,Omolon,18019,250000.0,Fell,01/01/1981 12:00:00 AM,64.02,161.80833,01/01/1981,12:00:00 AM,686433
734,Orgueil,18026,14000.0,Fell,01/01/1864 12:00:00 AM,43.88333,1.38333,01/01/1864,12:00:00 AM,82370
735,Orlando,34489,180.0,Fell,01/01/2004 12:00:00 AM,28.5475,-81.36222,01/01/2004,12:00:00 AM,32803
736,Ornans,18030,6000.0,Fell,01/01/1868 12:00:00 AM,47.11667,6.15,01/01/1868,12:00:00 AM,25290
737,Ortenau,18033,4500.0,Fell,01/01/1671 12:00:00 AM,48.5,8.0,01/01/1671,12:00:00 AM,77770
738,Orvinio,18034,3400.0,Fell,01/01/1872 12:00:00 AM,42.13333,12.93333,01/01/1872,12:00:00 AM,02035
739,Oterøy,18042,246.0,Fell,01/01/1928 12:00:00 AM,58.88333000000001,9.4,01/01/1928,12:00:00 AM,3770
740,Otomi,18045,6510.0,Fell,01/01/1867 12:00:00 AM,38.4,140.35,01/01/1867,12:00:00 AM,999-3777
741,Ottawa,18046,840.0,Fell,01/01/1896 12:00:00 AM,38.6,-95.21667,01/01/1896,12:00:00 AM,66067
745,Ourique,18052,20000.0,Fell,01/01/1998 12:00:00 AM,37.60833,-8.28,01/01/1998,12:00:00 AM,7670
747,Oviedo,18058,205.0,Fell,01/01/1856 12:00:00 AM,43.4,-5.86667,01/01/1856,12:00:00 AM,33194
750,Padvarninkai,18069,3858.0,Fell,01/01/1929 12:00:00 AM,55.666669999999996,25.0,01/01/1929,12:00:00 AM,29325
755,Palmyra,18079,135.0,Fell,01/01/1926 12:00:00 AM,39.8,-91.5,01/01/1926,12:00:00 AM,63461
756,Palolo Valley,18082,682.0,Fell,01/01/1949 12:00:00 AM,21.3,-157.78333,01/01/1949,12:00:00 AM,96816
760,Paragould,18101,408000.0,Fell,01/01/1930 12:00:00 AM,36.06667,-90.5,01/01/1930,12:00:00 AM,72450
761,Parambu,18102,2000.0,Fell,01/01/1967 12:00:00 AM,-6.2333300000000005,-40.7,01/01/1967,12:00:00 AM,63680-000
762,Paranaiba,18103,100000.0,Fell,01/01/1956 12:00:00 AM,-19.133329999999997,-51.66667,01/01/1956,12:00:00 AM,79500-000
763,Park Forest,18106,18000.0,Fell,01/01/2003 12:00:00 AM,41.48472,-87.67917,01/01/2003,12:00:00 AM,60466
764,Parnallee,18108,77600.0,Fell,01/01/1857 12:00:00 AM,9.23333,78.35,01/01/1857,12:00:00 AM,623115
765,Parsa,18109,800.0,Fell,01/01/1942 12:00:00 AM,26.2,85.4,01/01/1942,12:00:00 AM,842004
766,Pasamonte,18110,5100.0,Fell,01/01/1933 12:00:00 AM,36.21667,-103.4,01/01/1933,12:00:00 AM,88415
767,Patora,18112,4375.0,Fell,01/01/1969 12:00:00 AM,20.93694,82.05,01/01/1969,12:00:00 AM,493992
768,Patrimonio,18116,2121.0,Fell,01/01/1950 12:00:00 AM,-19.53333,-48.56667,01/01/1950,12:00:00 AM,38140-000
769,Patti,18118,12.0,Fell,01/01/1922 12:00:00 AM,38.13333,14.96667,01/01/1922,12:00:00 AM,98066
771,Pavel,18173,2968.0,Fell,01/01/1966 12:00:00 AM,43.46667,25.51667,01/01/1966,12:00:00 AM,5197
772,Pavlodar (stone),18175,142.5,Fell,01/01/1938 12:00:00 AM,52.3,77.03333,01/01/1938,12:00:00 AM,140000
774,Pavlovka,18177,2000.0,Fell,01/01/1882 12:00:00 AM,52.03333,43.0,01/01/1882,12:00:00 AM,412085
776,Peace River,18180,45760.0,Fell,01/01/1963 12:00:00 AM,56.13333000000001,-117.93333,01/01/1963,12:00:00 AM,T0H 0L0
777,Peckelsheim,18181,117.8,Fell,01/01/1953 12:00:00 AM,51.66667,9.25,01/01/1953,12:00:00 AM,33034
778,Peekskill,18782,12570.0,Fell,01/01/1992 12:00:00 AM,41.28333,-73.91667,01/01/1992,12:00:00 AM,10566
779,Peña Blanca Spring,18786,70000.0,Fell,01/01/1946 12:00:00 AM,30.125,-103.11667,01/01/1946,12:00:00 AM,79842
782,Perth,18797,2.0,Fell,01/01/1830 12:00:00 AM,56.4,-3.43333,01/01/1830,12:00:00 AM,PH1
784,Pesyanoe,18799,3393.0,Fell,01/01/1933 12:00:00 AM,55.5,66.08333,01/01/1933,12:00:00 AM,641236
786,Petersburg,18801,1800.0,Fell,01/01/1855 12:00:00 AM,35.3,-86.63333,01/01/1855,12:00:00 AM,37144
788,Phillips County (stone),18808,57900.0,Fell,01/01/1901 12:00:00 AM,40.0,-99.25,01/01/1901,12:00:00 AM,68971
792,Piancaldoli,18813,13.1,Fell,01/01/1968 12:00:00 AM,44.244170000000004,11.50222,01/01/1968,12:00:00 AM,40025
794,Pillistfer,18822,23250.0,Fell,01/01/1863 12:00:00 AM,58.666669999999996,25.73333,01/01/1863,12:00:00 AM,70502
795,Piplia Kalan,18831,42000.0,Fell,01/01/1996 12:00:00 AM,26.03472,73.94167,01/01/1996,12:00:00 AM,306307
798,Pirthalla,18835,1161.0,Fell,01/01/1884 12:00:00 AM,29.58333,76.0,01/01/1884,12:00:00 AM,126152
799,Pitts,18837,3760.0,Fell,01/01/1921 12:00:00 AM,31.95,-83.51666999999999,01/01/1921,12:00:00 AM,31072
800,Plantersville,18846,2085.0,Fell,01/01/1930 12:00:00 AM,30.7,-96.11667,01/01/1930,12:00:00 AM,77861
801,Pleşcoi,51706,6913.0,Fell,01/01/2008 12:00:00 AM,45.275,26.70972,01/01/2008,12:00:00 AM,127042
802,Ploschkovitz,18849,39.0,Fell,01/01/1723 12:00:00 AM,50.53333,14.116670000000001,01/01/1723,12:00:00 AM,412 01
805,Pohlitz,18853,3000.0,Fell,01/01/1819 12:00:00 AM,50.93333,12.13333,01/01/1819,12:00:00 AM,07554
806,Pokhra,18858,350.0,Fell,01/01/1866 12:00:00 AM,26.71667,82.66667,01/01/1866,12:00:00 AM,272302
807,Pollen,18860,253.6,Fell,01/01/1942 12:00:00 AM,66.34833,14.015,01/01/1942,12:00:00 AM,8616
808,Pontlyfni,18865,157.0,Fell,01/01/1931 12:00:00 AM,53.036390000000004,-4.31944,01/01/1931,12:00:00 AM,LL54 5DE
809,Portales Valley,18874,71400.0,Fell,01/01/1998 12:00:00 AM,34.175,-103.295,01/01/1998,12:00:00 AM,88130
810,Portugal,18876,4500.0,Fell,01/01/1796 12:00:00 AM,38.5,-8.0,01/01/1796,12:00:00 AM,7000
812,Prambachkirchen,18883,2125.0,Fell,01/01/1932 12:00:00 AM,48.3025,13.940829999999998,01/01/1932,12:00:00 AM,4731
813,Pribram,18887,5555.0,Fell,01/01/1959 12:00:00 AM,49.66667,14.03333,01/01/1959,12:00:00 AM,261 01
814,Pricetown,18888,900.0,Fell,01/01/1893 12:00:00 AM,39.11667,-83.85,01/01/1893,12:00:00 AM,45142
815,Puerto Lápice,45984,500.0,Fell,01/01/2007 12:00:00 AM,39.35,-3.5166699999999995,01/01/2007,12:00:00 AM,45720
816,Pulsora,18899,560.0,Fell,01/01/1863 12:00:00 AM,23.366670000000003,75.18333,01/01/1863,12:00:00 AM,457001
817,Pultusk,18901,250000.0,Fell,01/01/1868 12:00:00 AM,52.76667,21.26667,01/01/1868,12:00:00 AM,07-215
818,Punganaru,18902,100.0,Fell,01/01/1811 12:00:00 AM,13.333329999999998,78.95,01/01/1811,12:00:00 AM,517129
819,Putinga,18905,300000.0,Fell,01/01/1937 12:00:00 AM,-29.03333,-53.05,01/01/1937,12:00:00 AM,99457-000
824,Quesa,22360,10750.0,Fell,01/01/1898 12:00:00 AM,39.0,-0.66667,01/01/1898,12:00:00 AM,46810
826,Quincay,22363,65.0,Fell,01/01/1851 12:00:00 AM,46.6,0.25,01/01/1851,12:00:00 AM,86190
828,Raghunathpura,22371,10200.0,Fell,01/01/1986 12:00:00 AM,27.725279999999998,76.465,01/01/1986,12:00:00 AM,301402
830,Rakovka,22376,9000.0,Fell,01/01/1878 12:00:00 AM,52.98333,37.03333,01/01/1878,12:00:00 AM,303500
831,Ramnagar,22384,3766.0,Fell,01/01/1940 12:00:00 AM,26.45,82.9,01/01/1940,12:00:00 AM,224181
832,Rampurhat,22385,100.0,Fell,01/01/1916 12:00:00 AM,24.16667,87.76666999999999,01/01/1916,12:00:00 AM,731233
833,Ramsdorf,22386,4682.0,Fell,01/01/1958 12:00:00 AM,51.88333,6.933330000000001,01/01/1958,12:00:00 AM,46342
834,Ranchapur,22387,290.4,Fell,01/01/1917 12:00:00 AM,23.98333,87.08333,01/01/1917,12:00:00 AM,815355
835,Rancho de la Presa,22390,300.0,Fell,01/01/1899 12:00:00 AM,19.866670000000003,-100.81667,01/01/1899,12:00:00 AM,58932
836,Rangala,22392,3224.5,Fell,01/01/1937 12:00:00 AM,25.383329999999997,72.01666999999999,01/01/1937,12:00:00 AM,343032
838,Ras Tanura,22395,6.1,Fell,01/01/1961 12:00:00 AM,26.66667,50.15,01/01/1961,12:00:00 AM,32812
839,Rasgrad,22396,24700.0,Fell,01/01/1740 12:00:00 AM,43.5,26.53333,01/01/1740,12:00:00 AM,7200
840,Ratyn,22398,910.0,Fell,01/01/1880 12:00:00 AM,52.2,17.98333,01/01/1880,12:00:00 AM,62-406
841,Red Canyon Lake,53502,18.41,Fell,01/01/2007 12:00:00 AM,38.13742,-119.75811999999999,01/01/2007,12:00:00 AM,95364
842,Reliegos,22584,17300.0,Fell,01/01/1947 12:00:00 AM,42.475,-5.33333,01/01/1947,12:00:00 AM,24339
843,Rembang,22585,10000.0,Fell,01/01/1919 12:00:00 AM,-6.7333300000000005,111.36667,01/01/1919,12:00:00 AM,59219
844,Renazzo,22586,1000.0,Fell,01/01/1824 12:00:00 AM,44.76667,11.28333,01/01/1824,12:00:00 AM,44045
847,Repeev Khutor,22590,7000.0,Fell,01/01/1933 12:00:00 AM,48.6,45.66667,01/01/1933,12:00:00 AM,416548
848,Revelstoke,22592,1.0,Fell,01/01/1965 12:00:00 AM,51.33333,-118.95,01/01/1965,12:00:00 AM,V0E 1M9
849,Rewari,22593,3332.0,Fell,01/01/1929 12:00:00 AM,28.2,76.66667,01/01/1929,12:00:00 AM,123401
850,Rich Mountain,22597,668.0,Fell,01/01/1903 12:00:00 AM,35.03333,-83.03333,01/01/1903,12:00:00 AM,28717
852,Richardton,22599,90000.0,Fell,01/01/1918 12:00:00 AM,46.88333,-102.31667,01/01/1918,12:00:00 AM,58652
853,Richland Springs,22602,1900.0,Fell,01/01/1980 12:00:00 AM,31.25,-99.03333,01/01/1980,12:00:00 AM,76871
854,Richmond,22603,1800.0,Fell,01/01/1828 12:00:00 AM,37.46667,-77.5,01/01/1828,12:00:00 AM,23234
855,Rio Negro,22611,1310.0,Fell,01/01/1934 12:00:00 AM,-26.1,-49.8,01/01/1934,12:00:00 AM,83880-000
856,Rivolta de Bassi,22614,103.3,Fell,12/23/1490 12:00:00 AM,45.48333,9.51667,12/23/1490,12:00:00 AM,26027
857,Rochester,22637,340.0,Fell,01/01/1876 12:00:00 AM,41.08333,-86.28333,01/01/1876,12:00:00 AM,46975
858,Rockhampton,22640,1641.0,Fell,01/01/1895 12:00:00 AM,-23.383329999999997,150.51667,01/01/1895,12:00:00 AM,4700
859,Roda,22641,400.0,Fell,01/01/1871 12:00:00 AM,42.3,0.55,01/01/1871,12:00:00 AM,22482
860,Rodach,22642,2900.0,Fell,01/01/1775 12:00:00 AM,50.35,10.8,01/01/1775,12:00:00 AM,96476
861,Rose City,22766,10600.0,Fell,01/01/1921 12:00:00 AM,44.51667,-83.95,01/01/1921,12:00:00 AM,48761
862,Rowton,22773,3500.0,Fell,01/01/1876 12:00:00 AM,52.76667,-2.51667,01/01/1876,12:00:00 AM,TF6
866,Ryechki,22791,13000.0,Fell,01/01/1914 12:00:00 AM,51.13333,34.5,01/01/1914,12:00:00 AM,41832
867,Sabetmahet,22792,1250.0,Fell,01/01/1855 12:00:00 AM,27.433329999999998,82.08333,01/01/1855,12:00:00 AM,271201
868,Sabrum,22793,478.0,Fell,01/01/1999 12:00:00 AM,23.08333,91.66667,01/01/1999,12:00:00 AM,799143
870,Saint-Sauveur,23101,14000.0,Fell,01/01/1914 12:00:00 AM,43.73333,1.38333,01/01/1914,12:00:00 AM,31790
871,Saint-Séverin,23102,271000.0,Fell,01/01/1966 12:00:00 AM,45.3,0.23333,01/01/1966,12:00:00 AM,16390
872,Sakauchi,23103,4180.0,Fell,01/01/1913 12:00:00 AM,35.66667,136.3,01/01/1913,12:00:00 AM,501-0901
873,Salem,23107,61.4,Fell,01/01/1981 12:00:00 AM,44.97917,-122.96943999999999,01/01/1981,12:00:00 AM,97305
874,Salles,23111,9000.0,Fell,01/01/1798 12:00:00 AM,46.05,4.63333,01/01/1798,12:00:00 AM,69460
875,Salzwedel,23114,43.0,Fell,01/01/1985 12:00:00 AM,52.75,11.05,01/01/1985,12:00:00 AM,29416
876,Samelia,23115,2462.0,Fell,01/01/1921 12:00:00 AM,25.66667,74.86667,01/01/1921,12:00:00 AM,311030
877,San Juan Capistrano,23128,56.0,Fell,01/01/1973 12:00:00 AM,33.48472,-117.6625,01/01/1973,12:00:00 AM,92675
878,San Michele,31315,237.0,Fell,01/01/2002 12:00:00 AM,43.66667,13.0,01/01/2002,12:00:00 AM,61040
881,Santa Barbara,23161,400.0,Fell,01/01/1873 12:00:00 AM,-29.2,-51.86667,01/01/1873,12:00:00 AM,95735-000
885,São Jose do Rio Preto,23171,927.0,Fell,01/01/1962 12:00:00 AM,-20.81,-49.380559999999996,01/01/1962,12:00:00 AM,15060
886,Saratov,23176,200000.0,Fell,01/01/1918 12:00:00 AM,52.55,46.55,01/01/1918,12:00:00 AM,412645
888,Sauguis,23188,4000.0,Fell,01/01/1868 12:00:00 AM,43.15,-0.85,01/01/1868,12:00:00 AM,64470
890,Sayama,23192,430.0,Fell,01/01/1986 12:00:00 AM,35.86667,139.4,01/01/1986,12:00:00 AM,350-1335
891,Sazovice,23455,412.0,Fell,01/01/1934 12:00:00 AM,49.23333,17.566670000000002,01/01/1934,12:00:00 AM,763 01
892,Schellin,23457,7000.0,Fell,01/01/1715 12:00:00 AM,53.35,15.05,01/01/1715,12:00:00 AM,73-110
893,Schenectady,23458,283.3,Fell,01/01/1968 12:00:00 AM,42.86083,-73.95028,01/01/1968,12:00:00 AM,12302
894,Schönenberg,23460,8000.0,Fell,01/01/1846 12:00:00 AM,48.11667,10.46667,01/01/1846,12:00:00 AM,87772
895,Searsmont,23472,5400.0,Fell,01/01/1871 12:00:00 AM,44.36667,-69.2,01/01/1871,12:00:00 AM,04973
896,Sediköy,23473,240.0,Fell,01/01/1917 12:00:00 AM,38.3,27.133329999999997,01/01/1917,12:00:00 AM,35410
898,Selakopi,23481,1590.0,Fell,01/01/1939 12:00:00 AM,-7.2333300000000005,107.33333,01/01/1939,12:00:00 AM,43274
900,Semarkona,23487,691.0,Fell,01/01/1940 12:00:00 AM,22.25,79.0,01/01/1940,12:00:00 AM,480441
901,Sena,23495,4000.0,Fell,01/01/1773 12:00:00 AM,41.71667,-0.05,01/01/1773,12:00:00 AM,22230
902,Senboku,23496,866.0,Fell,01/01/1993 12:00:00 AM,39.43833,140.51167,01/01/1993,12:00:00 AM,014-0033
903,Seoni,23500,20000.0,Fell,01/01/1966 12:00:00 AM,21.683889999999998,79.50083000000001,01/01/1966,12:00:00 AM,480881
904,Seres,23501,8500.0,Fell,01/01/1818 12:00:00 AM,41.05,23.566670000000002,01/01/1818,12:00:00 AM,621 00
905,Serra de Magé,23502,1800.0,Fell,01/01/1923 12:00:00 AM,-8.38333,-36.76667,01/01/1923,12:00:00 AM,55200-000
906,Sete Lagoas,23504,350.0,Fell,01/01/1908 12:00:00 AM,-19.46667,-44.21667,01/01/1908,12:00:00 AM,35702-049
907,Sevilla,23508,180.0,Fell,01/01/1862 12:00:00 AM,37.41667,-6.0,01/01/1862,12:00:00 AM,41970
908,Sevrukovo,23509,101000.0,Fell,01/01/1874 12:00:00 AM,50.61667,36.6,01/01/1874,12:00:00 AM,308014
910,Shalka,23521,4000.0,Fell,01/01/1850 12:00:00 AM,23.1,87.3,01/01/1850,12:00:00 AM,722147
911,Sharps,23525,1265.0,Fell,01/01/1921 12:00:00 AM,37.83333,-76.7,01/01/1921,12:00:00 AM,22572
912,Shelburne,23529,18600.0,Fell,01/01/1904 12:00:00 AM,44.05,-80.16667,01/01/1904,12:00:00 AM,L0N 1S5
913,Shergotty,23530,5000.0,Fell,01/01/1865 12:00:00 AM,24.55,84.83333,01/01/1865,12:00:00 AM,824211
915,Shikarpur,23534,3679.7,Fell,01/01/1921 12:00:00 AM,25.85,87.5775,01/01/1921,12:00:00 AM,854326
919,Siena,23586,3700.0,Fell,01/01/1794 12:00:00 AM,43.11667,11.6,01/01/1794,12:00:00 AM,53026
920,Sikhote-Alin,23593,23000000.0,Fell,01/01/1947 12:00:00 AM,46.16,134.65333,01/01/1947,12:00:00 AM,692193
922,Silistra,55584,0.15,Fell,01/01/1917 12:00:00 AM,44.11667,27.26667,01/01/1917,12:00:00 AM,7500
923,Simmern,23603,1222.0,Fell,01/01/1920 12:00:00 AM,49.98333,7.53333,01/01/1920,12:00:00 AM,55469
926,Sinnai,23613,2000.0,Fell,01/01/1956 12:00:00 AM,39.3,9.2,01/01/1956,12:00:00 AM,09048
927,Sioux County,23614,4100.0,Fell,01/01/1933 12:00:00 AM,42.58333,-103.66667,01/01/1933,12:00:00 AM,69346
928,Sitathali,23616,1600.0,Fell,01/01/1875 12:00:00 AM,20.91667,82.58333,01/01/1875,12:00:00 AM,766104
929,Sivas,23617,40000.0,Fell,01/01/1989 12:00:00 AM,39.824670000000005,36.13583,01/01/1989,12:00:00 AM,58500
931,Ski,23621,850.0,Fell,01/01/1848 12:00:00 AM,59.73333,10.86667,01/01/1848,12:00:00 AM,1400
932,Slavetic,23626,1708.0,Fell,01/01/1868 12:00:00 AM,45.68333,15.6,01/01/1868,12:00:00 AM,10450
933,Slobodka,23645,2750.0,Fell,01/01/1818 12:00:00 AM,55.0,35.0,01/01/1818,12:00:00 AM,215354
934,Soheria,23660,72.9,Fell,01/01/1960 12:00:00 AM,27.133329999999997,84.06667,01/01/1960,12:00:00 AM,845101
936,Sologne,23663,54.0,Fell,01/01/1860 12:00:00 AM,47.36667,1.73333,01/01/1860,12:00:00 AM,41200
937,Sołtmany,53829,1066.0,Fell,01/01/2011 12:00:00 AM,54.00883,22.005,01/01/2011,12:00:00 AM,11-612
938,Sone,23667,17100.0,Fell,01/01/1866 12:00:00 AM,35.16667,135.33333000000002,01/01/1866,12:00:00 AM,622-0443
942,St. Caprais-de-Quinsac,23081,360.0,Fell,01/01/1883 12:00:00 AM,44.75,0.05,01/01/1883,12:00:00 AM,33790
943,St. Christophe-la-Chartreuse,23082,5500.0,Fell,01/01/1841 12:00:00 AM,46.95,-1.5,01/01/1841,12:00:00 AM,85660
944,St. Denis Westrem,23083,700.0,Fell,01/01/1855 12:00:00 AM,51.05,3.75,01/01/1855,12:00:00 AM,9040
945,St. Germain-du-Pinel,23087,4000.0,Fell,01/01/1890 12:00:00 AM,48.01667,-1.15,01/01/1890,12:00:00 AM,35370
946,St. Louis,23089,1000.0,Fell,01/01/1950 12:00:00 AM,38.7,-90.23333000000001,01/01/1950,12:00:00 AM,63147
948,St. Mary's County,23091,24.3,Fell,01/01/1919 12:00:00 AM,38.16667,-76.38333,01/01/1919,12:00:00 AM,20653
949,St. Mesmin,23092,8300.0,Fell,01/01/1866 12:00:00 AM,48.45,3.93333,01/01/1866,12:00:00 AM,10280
951,St.-Chinian,23097,134.3,Fell,01/01/1959 12:00:00 AM,43.43333,2.95,01/01/1959,12:00:00 AM,34360
952,Ställdalen,23712,34000.0,Fell,01/01/1876 12:00:00 AM,59.933330000000005,14.95,01/01/1876,12:00:00 AM,714 72
953,Stannern,23713,52000.0,Fell,01/01/1808 12:00:00 AM,49.28333,15.566670000000002,01/01/1808,12:00:00 AM,588 33
954,Stavropol,23717,1500.0,Fell,01/01/1857 12:00:00 AM,45.05,41.98333,01/01/1857,12:00:00 AM,355006
955,Ste. Marguerite,23099,4960.0,Fell,01/01/1962 12:00:00 AM,50.76667,3.0,01/01/1962,12:00:00 AM,7780
956,Sterlitamak,23724,325000.0,Fell,01/01/1990 12:00:00 AM,53.666669999999996,55.98333,01/01/1990,12:00:00 AM,453122
958,Stratford,23728,50.0,Fell,01/01/1974 12:00:00 AM,41.2,-73.13333,01/01/1974,12:00:00 AM,06614
959,Strathmore,23729,13400.0,Fell,01/01/1917 12:00:00 AM,56.583330000000004,-3.25,01/01/1917,12:00:00 AM,PH11 8NX
960,Stretchleigh,23732,10400.0,Fell,01/01/1623 12:00:00 AM,50.38333,-3.95,01/01/1623,12:00:00 AM,PL21 9JP
961,St-Robert,23733,25400.0,Fell,01/01/1994 12:00:00 AM,45.96861,-72.97806,01/01/1994,12:00:00 AM,J0G
962,Success,23736,3500.0,Fell,01/01/1924 12:00:00 AM,36.48333,-90.66667,01/01/1924,12:00:00 AM,72470
963,Suchy Dul,23737,815.3,Fell,01/01/1969 12:00:00 AM,50.538059999999994,16.26333,01/01/1969,12:00:00 AM,549 62
965,Sulagiri,48951,110000.0,Fell,01/01/2008 12:00:00 AM,12.66667,78.03333,01/01/2008,12:00:00 AM,635117
966,Sultanpur,23741,1710.5,Fell,01/01/1916 12:00:00 AM,25.933329999999998,84.28333,01/01/1916,12:00:00 AM,277219
967,Sungach,23745,637.0,Fell,01/01/1935 12:00:00 AM,44.86667,133.16666999999998,01/01/1935,12:00:00 AM,692204
968,Supuhee,23760,7235.0,Fell,01/01/1865 12:00:00 AM,26.71667,84.21667,01/01/1865,12:00:00 AM,274406
969,Sutter's Mill,55529,992.5,Fell,01/01/2012 12:00:00 AM,38.80389,-120.90806,01/01/2012,12:00:00 AM,95651
970,Sylacauga,23773,5560.0,Fell,01/01/1954 12:00:00 AM,33.188359999999996,-86.2945,01/01/1954,12:00:00 AM,35150
971,Tabor,23776,7540.0,Fell,01/01/1753 12:00:00 AM,49.4,14.65,01/01/1753,12:00:00 AM,390 01
974,Tahara,23784,1000.0,Fell,01/01/1991 12:00:00 AM,34.72,137.305,01/01/1991,12:00:00 AM,441-8074
975,Takenouchi,23789,720.0,Fell,01/01/1880 12:00:00 AM,35.38333,134.9,01/01/1880,12:00:00 AM,669-5237
977,Tambakwatu,23795,10500.0,Fell,01/01/1975 12:00:00 AM,-7.75,112.76666999999999,01/01/1975,12:00:00 AM,67162
979,Tané,23801,905.0,Fell,01/01/1918 12:00:00 AM,35.43333,136.23333,01/01/1918,12:00:00 AM,529-0345
982,Tathlith,23885,2500.0,Fell,01/01/1967 12:00:00 AM,19.383329999999997,43.73333,01/01/1967,12:00:00 AM,69651
984,Tauti,23888,21000.0,Fell,01/01/1937 12:00:00 AM,46.71667,23.5,01/01/1937,12:00:00 AM,407280
985,Tenham,23897,160000.0,Fell,01/01/1879 12:00:00 AM,-25.73333,142.95,01/01/1879,12:00:00 AM,4481
986,Tennasilm,23898,28500.0,Fell,01/01/1872 12:00:00 AM,58.03333000000001,26.95,01/01/1872,12:00:00 AM,63208
991,Tieschitz,23989,28000.0,Fell,01/01/1878 12:00:00 AM,49.6,17.116670000000003,01/01/1878,12:00:00 AM,783 46
992,Tilden,23998,74800.0,Fell,01/01/1927 12:00:00 AM,38.2,-89.68333,01/01/1927,12:00:00 AM,62237
995,Tirupati,24009,230.0,Fell,01/01/1934 12:00:00 AM,13.633329999999999,79.41667,01/01/1934,12:00:00 AM,517501
997,Tjabe,24011,20000.0,Fell,01/01/1869 12:00:00 AM,-7.08333,111.53333,01/01/1869,12:00:00 AM,58371
998,Tjerebon,24012,16500.0,Fell,01/01/1922 12:00:00 AM,-6.66667,106.58333,01/01/1922,12:00:00 AM,16650
1001,Tomita,24023,600.0,Fell,01/01/1916 12:00:00 AM,34.5,133.75,01/01/1916,12:00:00 AM,712-8054
1002,Tomiya,24024,27.5,Fell,01/01/1984 12:00:00 AM,38.36667,140.86556000000002,01/01/1984,12:00:00 AM,981-3352
1003,Tonk,24026,7.7,Fell,01/01/1911 12:00:00 AM,24.65,76.86667,01/01/1911,12:00:00 AM,325220
1004,Torino,24029,977.0,Fell,01/01/1988 12:00:00 AM,45.06667,7.66667,01/01/1988,12:00:00 AM,10128
1005,Torrington,24032,259.1,Fell,01/01/1944 12:00:00 AM,42.06667,-104.16667,01/01/1944,12:00:00 AM,82240
1006,Toulouse,24036,1030.0,Fell,01/01/1812 12:00:00 AM,43.6,1.4,01/01/1812,12:00:00 AM,31300
1007,Tounkin,24037,2000.0,Fell,01/01/1824 12:00:00 AM,51.73333,102.53333,01/01/1824,12:00:00 AM,671021
1008,Tourinnes-la-Grosse,24038,14500.0,Fell,01/01/1863 12:00:00 AM,50.78333,4.7666699999999995,01/01/1863,12:00:00 AM,1320
1009,Trebbin,24042,1250.0,Fell,01/01/1988 12:00:00 AM,52.21667,13.166670000000002,01/01/1988,12:00:00 AM,14959
1010,Trenzano,24046,11800.0,Fell,01/01/1856 12:00:00 AM,45.46667,10.0,01/01/1856,12:00:00 AM,25030
1011,Treysa,24050,63000.0,Fell,01/01/1916 12:00:00 AM,50.91667,9.18333,01/01/1916,12:00:00 AM,34613
1012,Tromøy,24053,357.4,Fell,01/01/1950 12:00:00 AM,58.473330000000004,8.86667,01/01/1950,12:00:00 AM,4812
1013,Troup,24054,1020.0,Fell,01/01/1917 12:00:00 AM,32.16667,-95.1,01/01/1917,12:00:00 AM,75789
1014,Trysil,24057,640.0,Fell,01/01/1927 12:00:00 AM,61.3,12.3,01/01/1927,12:00:00 AM,2422
1015,Tsukuba,24059,800.0,Fell,01/01/1996 12:00:00 AM,36.06333,140.145,01/01/1996,12:00:00 AM,305-0044
1019,Turtle Lake,47343,89.3,Fell,01/01/1996 12:00:00 AM,45.34583,-92.05167,01/01/1996,12:00:00 AM,54004
1021,Tysnes Island,24094,19860.0,Fell,01/01/1884 12:00:00 AM,60.0,5.61667,01/01/1884,12:00:00 AM,5685
1022,Tyumen,24095,750.0,Fell,01/01/1903 12:00:00 AM,57.166669999999996,65.53333,01/01/1903,12:00:00 AM,625005
1023,Uberaba,24096,40000.0,Fell,01/01/1903 12:00:00 AM,-19.816670000000002,-48.78333,01/01/1903,12:00:00 AM,38130-000
1024,Ucera,24097,4590.0,Fell,01/01/1970 12:00:00 AM,11.05,-69.85,01/01/1970,12:00:00 AM,4115
1028,Uden,24103,710.0,Fell,01/01/1840 12:00:00 AM,51.65,5.61667,01/01/1840,12:00:00 AM,5404 LX
1029,Udipi,24104,3600.0,Fell,01/01/1866 12:00:00 AM,13.483329999999999,74.78333,01/01/1866,12:00:00 AM,576210
1031,Ulmiz,24108,76.5,Fell,01/01/1926 12:00:00 AM,46.93333,7.21667,01/01/1926,12:00:00 AM,3206
1032,Umbala,24112,100.0,Fell,01/01/1822 12:00:00 AM,30.33333,76.33333,01/01/1822,12:00:00 AM,147001
1034,Undulung,24121,113.4,Fell,01/01/1986 12:00:00 AM,66.13889,124.76666999999999,01/01/1986,12:00:00 AM,678336
1035,Unkoku,24123,1000.0,Fell,01/01/1924 12:00:00 AM,34.8,127.0,01/01/1924,12:00:00 AM,529-841
1036,Urasaki,24129,1500.0,Fell,01/01/1926 12:00:00 AM,34.48333,133.28333,01/01/1926,12:00:00 AM,720-0843
1037,Usti Nad Orlici,24132,1269.0,Fell,01/01/1963 12:00:00 AM,49.975,16.375,01/01/1963,12:00:00 AM,562 04
1038,Utrecht,24135,9700.0,Fell,01/01/1843 12:00:00 AM,52.11667,5.183330000000001,01/01/1843,12:00:00 AM,3721 NB
1039,Utzenstorf,24136,3422.0,Fell,01/01/1928 12:00:00 AM,47.11667,7.55,01/01/1928,12:00:00 AM,3427
1040,Vago,24143,40.0,Fell,01/01/1668 12:00:00 AM,45.41667,11.13333,01/01/1668,12:00:00 AM,37030
1041,Valdavur,24144,2799.0,Fell,01/01/1944 12:00:00 AM,11.98333,79.75,01/01/1944,12:00:00 AM,605111
1042,Valdinizza,24145,1004.0,Fell,01/01/1903 12:00:00 AM,44.86667,9.15,01/01/1903,12:00:00 AM,27050
1044,Valera,24149,50000.0,Fell,01/01/1972 12:00:00 AM,9.31667,-70.62833,01/01/1972,12:00:00 AM,3101
1045,Varre-Sai,53633,2500.0,Fell,01/01/2010 12:00:00 AM,-20.85001,-41.73356,01/01/2010,12:00:00 AM,29560-000
1047,Vengerovo,24158,10800.0,Fell,01/01/1950 12:00:00 AM,56.13333000000001,77.26666999999999,01/01/1950,12:00:00 AM,632269
1050,Vernon County,24168,1500.0,Fell,01/01/1865 12:00:00 AM,43.5,-91.16667,01/01/1865,12:00:00 AM,54624
1051,Vetluga,24169,750.0,Fell,01/01/1949 12:00:00 AM,57.8,45.8,01/01/1949,12:00:00 AM,606860
1052,Vigarano,24174,15000.0,Fell,01/01/1910 12:00:00 AM,44.85,11.4,01/01/1910,12:00:00 AM,44012
1055,Vilna,24183,0.1,Fell,01/01/1967 12:00:00 AM,54.225,-111.69167,01/01/1967,12:00:00 AM,T0A 0N0
1056,Virba,24185,3600.0,Fell,01/01/1873 12:00:00 AM,43.53333,22.633329999999997,01/01/1873,12:00:00 AM,3951
1057,Vishnupur,24187,2437.0,Fell,01/01/1906 12:00:00 AM,23.1,87.43333,01/01/1906,12:00:00 AM,722138
1058,Vissannapeta,24188,1303.8,Fell,01/01/1997 12:00:00 AM,16.83333,80.75,01/01/1997,12:00:00 AM,521215
1060,Vouillé,24191,20000.0,Fell,01/01/1831 12:00:00 AM,46.63333,0.16667,01/01/1831,12:00:00 AM,86190
1061,Walters,24210,28100.0,Fell,01/01/1946 12:00:00 AM,34.33333,-98.3,01/01/1946,12:00:00 AM,73572
1062,Warrenton,24215,1600.0,Fell,01/01/1877 12:00:00 AM,38.68333,-91.15,01/01/1877,12:00:00 AM,63357
1063,Washougal,24218,225.0,Fell,01/01/1939 12:00:00 AM,45.58333,-122.35,01/01/1939,12:00:00 AM,98671
1065,Wessely,24244,3750.0,Fell,01/01/1831 12:00:00 AM,48.95,17.383329999999997,01/01/1831,12:00:00 AM,698 01
1066,Weston,24249,150000.0,Fell,01/01/1807 12:00:00 AM,41.266667,-73.266667,01/01/1807,12:00:00 AM,06611
1067,Wethersfield (1971),24250,350.0,Fell,01/01/1971 12:00:00 AM,41.7,-72.65,01/01/1971,12:00:00 AM,06109
1068,Wethersfield (1982),24251,2756.0,Fell,01/01/1982 12:00:00 AM,41.71056,-72.67361,01/01/1982,12:00:00 AM,06109
1069,Whetstone Mountains,49514,2138.74,Fell,01/01/2009 12:00:00 AM,31.96185,-110.434183,01/01/2009,12:00:00 AM,85602
1070,Wiluna,24281,150000.0,Fell,01/01/1967 12:00:00 AM,-26.592779999999998,120.32833000000001,01/01/1967,12:00:00 AM,6646
1075,Wold Cottage,24325,25000.0,Fell,01/01/1795 12:00:00 AM,54.136669999999995,-0.41333000000000003,01/01/1795,12:00:00 AM,YO25
1076,Woolgorong,24334,36000.0,Fell,01/01/1960 12:00:00 AM,-27.75,115.83333,01/01/1960,12:00:00 AM,6630
1077,Worden,24337,1551.0,Fell,01/01/1997 12:00:00 AM,42.38467,-83.6115,01/01/1997,12:00:00 AM,48168
1088,Yonozu,30366,31650.0,Fell,01/01/1837 12:00:00 AM,37.75,139.0,01/01/1837,12:00:00 AM,950-1301
1089,Yorktown (New York),30370,250.0,Fell,01/01/1869 12:00:00 AM,41.28333,-73.81667,01/01/1869,12:00:00 AM,10598
1090,Yoshiki,30372,0.1,Fell,01/01/1928 12:00:00 AM,34.16667,131.45,01/01/1928,12:00:00 AM,753-0066
1093,Zaborzika,30379,3867.0,Fell,01/01/1818 12:00:00 AM,50.28333,27.683329999999998,01/01/1818,12:00:00 AM,12701
1097,Zaisan,30388,463.0,Fell,01/01/1963 12:00:00 AM,47.5,83.0,01/01/1963,12:00:00 AM,070000
1098,Zaisho,30389,330.0,Fell,01/01/1898 12:00:00 AM,33.7,133.8,01/01/1898,12:00:00 AM,781-4232
1100,Zavetnoe,30395,800.0,Fell,01/01/1952 12:00:00 AM,47.13333,43.9,01/01/1952,12:00:00 AM,347430
1102,Zebrak,30397,2000.0,Fell,01/01/1824 12:00:00 AM,49.88333,13.916670000000002,01/01/1824,12:00:00 AM,267 51
1103,Zemaitkiemis,30399,44100.0,Fell,01/01/1933 12:00:00 AM,55.3,25.0,01/01/1933,12:00:00 AM,20368
1106,Zhuanghe,30408,2900.0,Fell,01/01/1976 12:00:00 AM,39.66667,122.98333000000001,01/01/1976,12:00:00 AM,116400
1109,Zsadany,30413,552.0,Fell,01/01/1875 12:00:00 AM,46.93333,21.5,01/01/1875,12:00:00 AM,5537
1110,Zvonkov,30415,2568.0,Fell,01/01/1955 12:00:00 AM,50.2,30.25,01/01/1955,12:00:00 AM,08626
